"Message","Id","Version","Qualifiers","Level","Task","Opcode","Keywords","RecordId","ProviderName","ProviderId","LogName","ProcessId","ThreadId","MachineName","UserId","TimeCreated","ActivityId","RelatedActivityId","ContainerLog","MatchedQueryIds","Bookmark","LevelDisplayName","OpcodeDisplayName","TaskDisplayName","KeywordsDisplayNames","Properties"
"An account was successfully logged on.

Subject:
	Security ID:		S-1-5-18
	Account Name:		AHSYS$
	Account Domain:		EV
	Logon ID:		0x3E7

Logon Type:			5

Impersonation Level:		Impersonation

New Logon:
	Security ID:		S-1-5-18
	Account Name:		SYSTEM
	Account Domain:		NT AUTHORITY
	Logon ID:		0x3E7
	Logon GUID:		{00000000-0000-0000-0000-000000000000}

Process Information:
	Process ID:		0x2f0
	Process Name:		C:\Windows\System32\services.exe

Network Information:
	Workstation Name:	
	Source Network Address:	-
	Source Port:		-

Detailed Authentication Information:
	Logon Process:		Advapi  
	Authentication Package:	Negotiate
	Transited Services:	-
	Package Name (NTLM only):	-
	Key Length:		0

This event is generated when a logon session is created. It is generated on the computer that was accessed.

The subject fields indicate the account on the local system which requested the logon. This is most commonly a service such as the Server service, or a local process such as Winlogon.exe or Services.exe.

The logon type field indicates the kind of logon that occurred. The most common types are 2 (interactive) and 3 (network).

The New Logon fields indicate the account for whom the new logon was created, i.e. the account that was logged on.

The network fields indicate where a remote logon request originated. Workstation name is not always available and may be left blank in some cases.

The impersonation level field indicates the extent to which a process in the logon session can impersonate.

The authentication information fields provide detailed information about this specific logon request.
	- Logon GUID is a unique identifier that can be used to correlate this event with a KDC event.
	- Transited services indicate which intermediate services have participated in this logon request.
	- Package name indicates which sub-protocol was used among the NTLM protocols.
	- Key length indicates the length of the generated session key. This will be 0 if no session key was requested.","4624","1",,"0","12544","0","-9214364837600034816","164301","Microsoft-Windows-Security-Auditing","54849625-5478-4994-a5ba-3e3b0328c30d","Security","760","6848","AHSys",,"2/1/2014 1:14:52 PM",,,"security","System.UInt32[]","System.Diagnostics.Eventing.Reader.EventBookmark","Information","Info","Logon","System.Collections.ObjectModel.ReadOnlyCollection`1[System.String]","System.Collections.Generic.List`1[System.Diagnostics.Eventing.Reader.EventProperty]"
"An account was successfully logged on.

Subject:
	Security ID:		S-1-5-18
	Account Name:		AHSYS$
	Account Domain:		EV
	Logon ID:		0x3E7

Logon Type:			5

Impersonation Level:		Impersonation

New Logon:
	Security ID:		S-1-5-18
	Account Name:		SYSTEM
	Account Domain:		NT AUTHORITY
	Logon ID:		0x3E7
	Logon GUID:		{00000000-0000-0000-0000-000000000000}

Process Information:
	Process ID:		0x2f0
	Process Name:		C:\Windows\System32\services.exe

Network Information:
	Workstation Name:	
	Source Network Address:	-
	Source Port:		-

Detailed Authentication Information:
	Logon Process:		Advapi  
	Authentication Package:	Negotiate
	Transited Services:	-
	Package Name (NTLM only):	-
	Key Length:		0

This event is generated when a logon session is created. It is generated on the computer that was accessed.

The subject fields indicate the account on the local system which requested the logon. This is most commonly a service such as the Server service, or a local process such as Winlogon.exe or Services.exe.

The logon type field indicates the kind of logon that occurred. The most common types are 2 (interactive) and 3 (network).

The New Logon fields indicate the account for whom the new logon was created, i.e. the account that was logged on.

The network fields indicate where a remote logon request originated. Workstation name is not always available and may be left blank in some cases.

The impersonation level field indicates the extent to which a process in the logon session can impersonate.

The authentication information fields provide detailed information about this specific logon request.
	- Logon GUID is a unique identifier that can be used to correlate this event with a KDC event.
	- Transited services indicate which intermediate services have participated in this logon request.
	- Package name indicates which sub-protocol was used among the NTLM protocols.
	- Key length indicates the length of the generated session key. This will be 0 if no session key was requested.","4624","1",,"0","12544","0","-9214364837600034816","164299","Microsoft-Windows-Security-Auditing","54849625-5478-4994-a5ba-3e3b0328c30d","Security","760","6848","AHSys",,"2/1/2014 1:08:52 PM",,,"security","System.UInt32[]","System.Diagnostics.Eventing.Reader.EventBookmark","Information","Info","Logon","System.Collections.ObjectModel.ReadOnlyCollection`1[System.String]","System.Collections.Generic.List`1[System.Diagnostics.Eventing.Reader.EventProperty]"
"An account was successfully logged on.

Subject:
	Security ID:		S-1-5-18
	Account Name:		AHSYS$
	Account Domain:		EV
	Logon ID:		0x3E7

Logon Type:			5

Impersonation Level:		Impersonation

New Logon:
	Security ID:		S-1-5-18
	Account Name:		SYSTEM
	Account Domain:		NT AUTHORITY
	Logon ID:		0x3E7
	Logon GUID:		{00000000-0000-0000-0000-000000000000}

Process Information:
	Process ID:		0x2f0
	Process Name:		C:\Windows\System32\services.exe

Network Information:
	Workstation Name:	
	Source Network Address:	-
	Source Port:		-

Detailed Authentication Information:
	Logon Process:		Advapi  
	Authentication Package:	Negotiate
	Transited Services:	-
	Package Name (NTLM only):	-
	Key Length:		0

This event is generated when a logon session is created. It is generated on the computer that was accessed.

The subject fields indicate the account on the local system which requested the logon. This is most commonly a service such as the Server service, or a local process such as Winlogon.exe or Services.exe.

The logon type field indicates the kind of logon that occurred. The most common types are 2 (interactive) and 3 (network).

The New Logon fields indicate the account for whom the new logon was created, i.e. the account that was logged on.

The network fields indicate where a remote logon request originated. Workstation name is not always available and may be left blank in some cases.

The impersonation level field indicates the extent to which a process in the logon session can impersonate.

The authentication information fields provide detailed information about this specific logon request.
	- Logon GUID is a unique identifier that can be used to correlate this event with a KDC event.
	- Transited services indicate which intermediate services have participated in this logon request.
	- Package name indicates which sub-protocol was used among the NTLM protocols.
	- Key length indicates the length of the generated session key. This will be 0 if no session key was requested.","4624","1",,"0","12544","0","-9214364837600034816","164297","Microsoft-Windows-Security-Auditing","54849625-5478-4994-a5ba-3e3b0328c30d","Security","760","11632","AHSys",,"2/1/2014 1:08:45 PM",,,"security","System.UInt32[]","System.Diagnostics.Eventing.Reader.EventBookmark","Information","Info","Logon","System.Collections.ObjectModel.ReadOnlyCollection`1[System.String]","System.Collections.Generic.List`1[System.Diagnostics.Eventing.Reader.EventProperty]"
"An account was successfully logged on.

Subject:
	Security ID:		S-1-5-18
	Account Name:		AHSYS$
	Account Domain:		EV
	Logon ID:		0x3E7

Logon Type:			5

Impersonation Level:		Impersonation

New Logon:
	Security ID:		S-1-5-18
	Account Name:		SYSTEM
	Account Domain:		NT AUTHORITY
	Logon ID:		0x3E7
	Logon GUID:		{00000000-0000-0000-0000-000000000000}

Process Information:
	Process ID:		0x2f0
	Process Name:		C:\Windows\System32\services.exe

Network Information:
	Workstation Name:	
	Source Network Address:	-
	Source Port:		-

Detailed Authentication Information:
	Logon Process:		Advapi  
	Authentication Package:	Negotiate
	Transited Services:	-
	Package Name (NTLM only):	-
	Key Length:		0

This event is generated when a logon session is created. It is generated on the computer that was accessed.

The subject fields indicate the account on the local system which requested the logon. This is most commonly a service such as the Server service, or a local process such as Winlogon.exe or Services.exe.

The logon type field indicates the kind of logon that occurred. The most common types are 2 (interactive) and 3 (network).

The New Logon fields indicate the account for whom the new logon was created, i.e. the account that was logged on.

The network fields indicate where a remote logon request originated. Workstation name is not always available and may be left blank in some cases.

The impersonation level field indicates the extent to which a process in the logon session can impersonate.

The authentication information fields provide detailed information about this specific logon request.
	- Logon GUID is a unique identifier that can be used to correlate this event with a KDC event.
	- Transited services indicate which intermediate services have participated in this logon request.
	- Package name indicates which sub-protocol was used among the NTLM protocols.
	- Key length indicates the length of the generated session key. This will be 0 if no session key was requested.","4624","1",,"0","12544","0","-9214364837600034816","164295","Microsoft-Windows-Security-Auditing","54849625-5478-4994-a5ba-3e3b0328c30d","Security","760","6848","AHSys",,"2/1/2014 1:08:45 PM",,,"security","System.UInt32[]","System.Diagnostics.Eventing.Reader.EventBookmark","Information","Info","Logon","System.Collections.ObjectModel.ReadOnlyCollection`1[System.String]","System.Collections.Generic.List`1[System.Diagnostics.Eventing.Reader.EventProperty]"
"An account was successfully logged on.

Subject:
	Security ID:		S-1-5-18
	Account Name:		AHSYS$
	Account Domain:		EV
	Logon ID:		0x3E7

Logon Type:			5

Impersonation Level:		Impersonation

New Logon:
	Security ID:		S-1-5-18
	Account Name:		SYSTEM
	Account Domain:		NT AUTHORITY
	Logon ID:		0x3E7
	Logon GUID:		{00000000-0000-0000-0000-000000000000}

Process Information:
	Process ID:		0x2f0
	Process Name:		C:\Windows\System32\services.exe

Network Information:
	Workstation Name:	
	Source Network Address:	-
	Source Port:		-

Detailed Authentication Information:
	Logon Process:		Advapi  
	Authentication Package:	Negotiate
	Transited Services:	-
	Package Name (NTLM only):	-
	Key Length:		0

This event is generated when a logon session is created. It is generated on the computer that was accessed.

The subject fields indicate the account on the local system which requested the logon. This is most commonly a service such as the Server service, or a local process such as Winlogon.exe or Services.exe.

The logon type field indicates the kind of logon that occurred. The most common types are 2 (interactive) and 3 (network).

The New Logon fields indicate the account for whom the new logon was created, i.e. the account that was logged on.

The network fields indicate where a remote logon request originated. Workstation name is not always available and may be left blank in some cases.

The impersonation level field indicates the extent to which a process in the logon session can impersonate.

The authentication information fields provide detailed information about this specific logon request.
	- Logon GUID is a unique identifier that can be used to correlate this event with a KDC event.
	- Transited services indicate which intermediate services have participated in this logon request.
	- Package name indicates which sub-protocol was used among the NTLM protocols.
	- Key length indicates the length of the generated session key. This will be 0 if no session key was requested.","4624","1",,"0","12544","0","-9214364837600034816","164279","Microsoft-Windows-Security-Auditing","54849625-5478-4994-a5ba-3e3b0328c30d","Security","760","2296","AHSys",,"2/1/2014 12:09:50 PM",,,"security","System.UInt32[]","System.Diagnostics.Eventing.Reader.EventBookmark","Information","Info","Logon","System.Collections.ObjectModel.ReadOnlyCollection`1[System.String]","System.Collections.Generic.List`1[System.Diagnostics.Eventing.Reader.EventProperty]"
"An account was successfully logged on.

Subject:
	Security ID:		S-1-5-18
	Account Name:		AHSYS$
	Account Domain:		EV
	Logon ID:		0x3E7

Logon Type:			5

Impersonation Level:		Impersonation

New Logon:
	Security ID:		S-1-5-18
	Account Name:		SYSTEM
	Account Domain:		NT AUTHORITY
	Logon ID:		0x3E7
	Logon GUID:		{00000000-0000-0000-0000-000000000000}

Process Information:
	Process ID:		0x2f0
	Process Name:		C:\Windows\System32\services.exe

Network Information:
	Workstation Name:	
	Source Network Address:	-
	Source Port:		-

Detailed Authentication Information:
	Logon Process:		Advapi  
	Authentication Package:	Negotiate
	Transited Services:	-
	Package Name (NTLM only):	-
	Key Length:		0

This event is generated when a logon session is created. It is generated on the computer that was accessed.

The subject fields indicate the account on the local system which requested the logon. This is most commonly a service such as the Server service, or a local process such as Winlogon.exe or Services.exe.

The logon type field indicates the kind of logon that occurred. The most common types are 2 (interactive) and 3 (network).

The New Logon fields indicate the account for whom the new logon was created, i.e. the account that was logged on.

The network fields indicate where a remote logon request originated. Workstation name is not always available and may be left blank in some cases.

The impersonation level field indicates the extent to which a process in the logon session can impersonate.

The authentication information fields provide detailed information about this specific logon request.
	- Logon GUID is a unique identifier that can be used to correlate this event with a KDC event.
	- Transited services indicate which intermediate services have participated in this logon request.
	- Package name indicates which sub-protocol was used among the NTLM protocols.
	- Key length indicates the length of the generated session key. This will be 0 if no session key was requested.","4624","1",,"0","12544","0","-9214364837600034816","164277","Microsoft-Windows-Security-Auditing","54849625-5478-4994-a5ba-3e3b0328c30d","Security","760","11228","AHSys",,"2/1/2014 11:56:59 AM",,,"security","System.UInt32[]","System.Diagnostics.Eventing.Reader.EventBookmark","Information","Info","Logon","System.Collections.ObjectModel.ReadOnlyCollection`1[System.String]","System.Collections.Generic.List`1[System.Diagnostics.Eventing.Reader.EventProperty]"
"An account was successfully logged on.

Subject:
	Security ID:		S-1-5-18
	Account Name:		AHSYS$
	Account Domain:		EV
	Logon ID:		0x3E7

Logon Type:			5

Impersonation Level:		Impersonation

New Logon:
	Security ID:		S-1-5-18
	Account Name:		SYSTEM
	Account Domain:		NT AUTHORITY
	Logon ID:		0x3E7
	Logon GUID:		{00000000-0000-0000-0000-000000000000}

Process Information:
	Process ID:		0x2f0
	Process Name:		C:\Windows\System32\services.exe

Network Information:
	Workstation Name:	
	Source Network Address:	-
	Source Port:		-

Detailed Authentication Information:
	Logon Process:		Advapi  
	Authentication Package:	Negotiate
	Transited Services:	-
	Package Name (NTLM only):	-
	Key Length:		0

This event is generated when a logon session is created. It is generated on the computer that was accessed.

The subject fields indicate the account on the local system which requested the logon. This is most commonly a service such as the Server service, or a local process such as Winlogon.exe or Services.exe.

The logon type field indicates the kind of logon that occurred. The most common types are 2 (interactive) and 3 (network).

The New Logon fields indicate the account for whom the new logon was created, i.e. the account that was logged on.

The network fields indicate where a remote logon request originated. Workstation name is not always available and may be left blank in some cases.

The impersonation level field indicates the extent to which a process in the logon session can impersonate.

The authentication information fields provide detailed information about this specific logon request.
	- Logon GUID is a unique identifier that can be used to correlate this event with a KDC event.
	- Transited services indicate which intermediate services have participated in this logon request.
	- Package name indicates which sub-protocol was used among the NTLM protocols.
	- Key length indicates the length of the generated session key. This will be 0 if no session key was requested.","4624","1",,"0","12544","0","-9214364837600034816","164275","Microsoft-Windows-Security-Auditing","54849625-5478-4994-a5ba-3e3b0328c30d","Security","760","4364","AHSys",,"2/1/2014 1:25:10 AM",,,"security","System.UInt32[]","System.Diagnostics.Eventing.Reader.EventBookmark","Information","Info","Logon","System.Collections.ObjectModel.ReadOnlyCollection`1[System.String]","System.Collections.Generic.List`1[System.Diagnostics.Eventing.Reader.EventProperty]"
"An account was successfully logged on.

Subject:
	Security ID:		S-1-5-18
	Account Name:		AHSYS$
	Account Domain:		EV
	Logon ID:		0x3E7

Logon Type:			5

Impersonation Level:		Impersonation

New Logon:
	Security ID:		S-1-5-18
	Account Name:		SYSTEM
	Account Domain:		NT AUTHORITY
	Logon ID:		0x3E7
	Logon GUID:		{00000000-0000-0000-0000-000000000000}

Process Information:
	Process ID:		0x2f0
	Process Name:		C:\Windows\System32\services.exe

Network Information:
	Workstation Name:	
	Source Network Address:	-
	Source Port:		-

Detailed Authentication Information:
	Logon Process:		Advapi  
	Authentication Package:	Negotiate
	Transited Services:	-
	Package Name (NTLM only):	-
	Key Length:		0

This event is generated when a logon session is created. It is generated on the computer that was accessed.

The subject fields indicate the account on the local system which requested the logon. This is most commonly a service such as the Server service, or a local process such as Winlogon.exe or Services.exe.

The logon type field indicates the kind of logon that occurred. The most common types are 2 (interactive) and 3 (network).

The New Logon fields indicate the account for whom the new logon was created, i.e. the account that was logged on.

The network fields indicate where a remote logon request originated. Workstation name is not always available and may be left blank in some cases.

The impersonation level field indicates the extent to which a process in the logon session can impersonate.

The authentication information fields provide detailed information about this specific logon request.
	- Logon GUID is a unique identifier that can be used to correlate this event with a KDC event.
	- Transited services indicate which intermediate services have participated in this logon request.
	- Package name indicates which sub-protocol was used among the NTLM protocols.
	- Key length indicates the length of the generated session key. This will be 0 if no session key was requested.","4624","1",,"0","12544","0","-9214364837600034816","164273","Microsoft-Windows-Security-Auditing","54849625-5478-4994-a5ba-3e3b0328c30d","Security","760","6276","AHSys",,"2/1/2014 12:46:44 AM",,,"security","System.UInt32[]","System.Diagnostics.Eventing.Reader.EventBookmark","Information","Info","Logon","System.Collections.ObjectModel.ReadOnlyCollection`1[System.String]","System.Collections.Generic.List`1[System.Diagnostics.Eventing.Reader.EventProperty]"
"An account was successfully logged on.

Subject:
	Security ID:		S-1-5-18
	Account Name:		AHSYS$
	Account Domain:		EV
	Logon ID:		0x3E7

Logon Type:			5

Impersonation Level:		Impersonation

New Logon:
	Security ID:		S-1-5-18
	Account Name:		SYSTEM
	Account Domain:		NT AUTHORITY
	Logon ID:		0x3E7
	Logon GUID:		{00000000-0000-0000-0000-000000000000}

Process Information:
	Process ID:		0x2f0
	Process Name:		C:\Windows\System32\services.exe

Network Information:
	Workstation Name:	
	Source Network Address:	-
	Source Port:		-

Detailed Authentication Information:
	Logon Process:		Advapi  
	Authentication Package:	Negotiate
	Transited Services:	-
	Package Name (NTLM only):	-
	Key Length:		0

This event is generated when a logon session is created. It is generated on the computer that was accessed.

The subject fields indicate the account on the local system which requested the logon. This is most commonly a service such as the Server service, or a local process such as Winlogon.exe or Services.exe.

The logon type field indicates the kind of logon that occurred. The most common types are 2 (interactive) and 3 (network).

The New Logon fields indicate the account for whom the new logon was created, i.e. the account that was logged on.

The network fields indicate where a remote logon request originated. Workstation name is not always available and may be left blank in some cases.

The impersonation level field indicates the extent to which a process in the logon session can impersonate.

The authentication information fields provide detailed information about this specific logon request.
	- Logon GUID is a unique identifier that can be used to correlate this event with a KDC event.
	- Transited services indicate which intermediate services have participated in this logon request.
	- Package name indicates which sub-protocol was used among the NTLM protocols.
	- Key length indicates the length of the generated session key. This will be 0 if no session key was requested.","4624","1",,"0","12544","0","-9214364837600034816","164271","Microsoft-Windows-Security-Auditing","54849625-5478-4994-a5ba-3e3b0328c30d","Security","760","964","AHSys",,"1/31/2014 11:38:03 PM",,,"security","System.UInt32[]","System.Diagnostics.Eventing.Reader.EventBookmark","Information","Info","Logon","System.Collections.ObjectModel.ReadOnlyCollection`1[System.String]","System.Collections.Generic.List`1[System.Diagnostics.Eventing.Reader.EventProperty]"
"An account was successfully logged on.

Subject:
	Security ID:		S-1-5-18
	Account Name:		AHSYS$
	Account Domain:		EV
	Logon ID:		0x3E7

Logon Type:			5

Impersonation Level:		Impersonation

New Logon:
	Security ID:		S-1-5-18
	Account Name:		SYSTEM
	Account Domain:		NT AUTHORITY
	Logon ID:		0x3E7
	Logon GUID:		{00000000-0000-0000-0000-000000000000}

Process Information:
	Process ID:		0x2f0
	Process Name:		C:\Windows\System32\services.exe

Network Information:
	Workstation Name:	
	Source Network Address:	-
	Source Port:		-

Detailed Authentication Information:
	Logon Process:		Advapi  
	Authentication Package:	Negotiate
	Transited Services:	-
	Package Name (NTLM only):	-
	Key Length:		0

This event is generated when a logon session is created. It is generated on the computer that was accessed.

The subject fields indicate the account on the local system which requested the logon. This is most commonly a service such as the Server service, or a local process such as Winlogon.exe or Services.exe.

The logon type field indicates the kind of logon that occurred. The most common types are 2 (interactive) and 3 (network).

The New Logon fields indicate the account for whom the new logon was created, i.e. the account that was logged on.

The network fields indicate where a remote logon request originated. Workstation name is not always available and may be left blank in some cases.

The impersonation level field indicates the extent to which a process in the logon session can impersonate.

The authentication information fields provide detailed information about this specific logon request.
	- Logon GUID is a unique identifier that can be used to correlate this event with a KDC event.
	- Transited services indicate which intermediate services have participated in this logon request.
	- Package name indicates which sub-protocol was used among the NTLM protocols.
	- Key length indicates the length of the generated session key. This will be 0 if no session key was requested.","4624","1",,"0","12544","0","-9214364837600034816","164269","Microsoft-Windows-Security-Auditing","54849625-5478-4994-a5ba-3e3b0328c30d","Security","760","2876","AHSys",,"1/31/2014 11:26:40 PM",,,"security","System.UInt32[]","System.Diagnostics.Eventing.Reader.EventBookmark","Information","Info","Logon","System.Collections.ObjectModel.ReadOnlyCollection`1[System.String]","System.Collections.Generic.List`1[System.Diagnostics.Eventing.Reader.EventProperty]"
"An account was successfully logged on.

Subject:
	Security ID:		S-1-5-18
	Account Name:		AHSYS$
	Account Domain:		EV
	Logon ID:		0x3E7

Logon Type:			5

Impersonation Level:		Impersonation

New Logon:
	Security ID:		S-1-5-18
	Account Name:		SYSTEM
	Account Domain:		NT AUTHORITY
	Logon ID:		0x3E7
	Logon GUID:		{00000000-0000-0000-0000-000000000000}

Process Information:
	Process ID:		0x2f0
	Process Name:		C:\Windows\System32\services.exe

Network Information:
	Workstation Name:	
	Source Network Address:	-
	Source Port:		-

Detailed Authentication Information:
	Logon Process:		Advapi  
	Authentication Package:	Negotiate
	Transited Services:	-
	Package Name (NTLM only):	-
	Key Length:		0

This event is generated when a logon session is created. It is generated on the computer that was accessed.

The subject fields indicate the account on the local system which requested the logon. This is most commonly a service such as the Server service, or a local process such as Winlogon.exe or Services.exe.

The logon type field indicates the kind of logon that occurred. The most common types are 2 (interactive) and 3 (network).

The New Logon fields indicate the account for whom the new logon was created, i.e. the account that was logged on.

The network fields indicate where a remote logon request originated. Workstation name is not always available and may be left blank in some cases.

The impersonation level field indicates the extent to which a process in the logon session can impersonate.

The authentication information fields provide detailed information about this specific logon request.
	- Logon GUID is a unique identifier that can be used to correlate this event with a KDC event.
	- Transited services indicate which intermediate services have participated in this logon request.
	- Package name indicates which sub-protocol was used among the NTLM protocols.
	- Key length indicates the length of the generated session key. This will be 0 if no session key was requested.","4624","1",,"0","12544","0","-9214364837600034816","164251","Microsoft-Windows-Security-Auditing","54849625-5478-4994-a5ba-3e3b0328c30d","Security","760","4012","AHSys",,"1/31/2014 9:41:51 PM",,,"security","System.UInt32[]","System.Diagnostics.Eventing.Reader.EventBookmark","Information","Info","Logon","System.Collections.ObjectModel.ReadOnlyCollection`1[System.String]","System.Collections.Generic.List`1[System.Diagnostics.Eventing.Reader.EventProperty]"
"An account was successfully logged on.

Subject:
	Security ID:		S-1-5-18
	Account Name:		AHSYS$
	Account Domain:		EV
	Logon ID:		0x3E7

Logon Type:			5

Impersonation Level:		Impersonation

New Logon:
	Security ID:		S-1-5-18
	Account Name:		SYSTEM
	Account Domain:		NT AUTHORITY
	Logon ID:		0x3E7
	Logon GUID:		{00000000-0000-0000-0000-000000000000}

Process Information:
	Process ID:		0x2f0
	Process Name:		C:\Windows\System32\services.exe

Network Information:
	Workstation Name:	
	Source Network Address:	-
	Source Port:		-

Detailed Authentication Information:
	Logon Process:		Advapi  
	Authentication Package:	Negotiate
	Transited Services:	-
	Package Name (NTLM only):	-
	Key Length:		0

This event is generated when a logon session is created. It is generated on the computer that was accessed.

The subject fields indicate the account on the local system which requested the logon. This is most commonly a service such as the Server service, or a local process such as Winlogon.exe or Services.exe.

The logon type field indicates the kind of logon that occurred. The most common types are 2 (interactive) and 3 (network).

The New Logon fields indicate the account for whom the new logon was created, i.e. the account that was logged on.

The network fields indicate where a remote logon request originated. Workstation name is not always available and may be left blank in some cases.

The impersonation level field indicates the extent to which a process in the logon session can impersonate.

The authentication information fields provide detailed information about this specific logon request.
	- Logon GUID is a unique identifier that can be used to correlate this event with a KDC event.
	- Transited services indicate which intermediate services have participated in this logon request.
	- Package name indicates which sub-protocol was used among the NTLM protocols.
	- Key length indicates the length of the generated session key. This will be 0 if no session key was requested.","4624","1",,"0","12544","0","-9214364837600034816","164249","Microsoft-Windows-Security-Auditing","54849625-5478-4994-a5ba-3e3b0328c30d","Security","760","5332","AHSys",,"1/31/2014 8:39:29 PM",,,"security","System.UInt32[]","System.Diagnostics.Eventing.Reader.EventBookmark","Information","Info","Logon","System.Collections.ObjectModel.ReadOnlyCollection`1[System.String]","System.Collections.Generic.List`1[System.Diagnostics.Eventing.Reader.EventProperty]"
"An account was successfully logged on.

Subject:
	Security ID:		S-1-5-18
	Account Name:		AHSYS$
	Account Domain:		EV
	Logon ID:		0x3E7

Logon Type:			5

Impersonation Level:		Impersonation

New Logon:
	Security ID:		S-1-5-18
	Account Name:		SYSTEM
	Account Domain:		NT AUTHORITY
	Logon ID:		0x3E7
	Logon GUID:		{00000000-0000-0000-0000-000000000000}

Process Information:
	Process ID:		0x2f0
	Process Name:		C:\Windows\System32\services.exe

Network Information:
	Workstation Name:	
	Source Network Address:	-
	Source Port:		-

Detailed Authentication Information:
	Logon Process:		Advapi  
	Authentication Package:	Negotiate
	Transited Services:	-
	Package Name (NTLM only):	-
	Key Length:		0

This event is generated when a logon session is created. It is generated on the computer that was accessed.

The subject fields indicate the account on the local system which requested the logon. This is most commonly a service such as the Server service, or a local process such as Winlogon.exe or Services.exe.

The logon type field indicates the kind of logon that occurred. The most common types are 2 (interactive) and 3 (network).

The New Logon fields indicate the account for whom the new logon was created, i.e. the account that was logged on.

The network fields indicate where a remote logon request originated. Workstation name is not always available and may be left blank in some cases.

The impersonation level field indicates the extent to which a process in the logon session can impersonate.

The authentication information fields provide detailed information about this specific logon request.
	- Logon GUID is a unique identifier that can be used to correlate this event with a KDC event.
	- Transited services indicate which intermediate services have participated in this logon request.
	- Package name indicates which sub-protocol was used among the NTLM protocols.
	- Key length indicates the length of the generated session key. This will be 0 if no session key was requested.","4624","1",,"0","12544","0","-9214364837600034816","164247","Microsoft-Windows-Security-Auditing","54849625-5478-4994-a5ba-3e3b0328c30d","Security","760","4364","AHSys",,"1/31/2014 8:39:23 PM",,,"security","System.UInt32[]","System.Diagnostics.Eventing.Reader.EventBookmark","Information","Info","Logon","System.Collections.ObjectModel.ReadOnlyCollection`1[System.String]","System.Collections.Generic.List`1[System.Diagnostics.Eventing.Reader.EventProperty]"
"An account was successfully logged on.

Subject:
	Security ID:		S-1-5-18
	Account Name:		AHSYS$
	Account Domain:		EV
	Logon ID:		0x3E7

Logon Type:			5

Impersonation Level:		Impersonation

New Logon:
	Security ID:		S-1-5-18
	Account Name:		SYSTEM
	Account Domain:		NT AUTHORITY
	Logon ID:		0x3E7
	Logon GUID:		{00000000-0000-0000-0000-000000000000}

Process Information:
	Process ID:		0x2f0
	Process Name:		C:\Windows\System32\services.exe

Network Information:
	Workstation Name:	
	Source Network Address:	-
	Source Port:		-

Detailed Authentication Information:
	Logon Process:		Advapi  
	Authentication Package:	Negotiate
	Transited Services:	-
	Package Name (NTLM only):	-
	Key Length:		0

This event is generated when a logon session is created. It is generated on the computer that was accessed.

The subject fields indicate the account on the local system which requested the logon. This is most commonly a service such as the Server service, or a local process such as Winlogon.exe or Services.exe.

The logon type field indicates the kind of logon that occurred. The most common types are 2 (interactive) and 3 (network).

The New Logon fields indicate the account for whom the new logon was created, i.e. the account that was logged on.

The network fields indicate where a remote logon request originated. Workstation name is not always available and may be left blank in some cases.

The impersonation level field indicates the extent to which a process in the logon session can impersonate.

The authentication information fields provide detailed information about this specific logon request.
	- Logon GUID is a unique identifier that can be used to correlate this event with a KDC event.
	- Transited services indicate which intermediate services have participated in this logon request.
	- Package name indicates which sub-protocol was used among the NTLM protocols.
	- Key length indicates the length of the generated session key. This will be 0 if no session key was requested.","4624","1",,"0","12544","0","-9214364837600034816","164245","Microsoft-Windows-Security-Auditing","54849625-5478-4994-a5ba-3e3b0328c30d","Security","760","232","AHSys",,"1/31/2014 8:22:56 PM",,,"security","System.UInt32[]","System.Diagnostics.Eventing.Reader.EventBookmark","Information","Info","Logon","System.Collections.ObjectModel.ReadOnlyCollection`1[System.String]","System.Collections.Generic.List`1[System.Diagnostics.Eventing.Reader.EventProperty]"
"An account was successfully logged on.

Subject:
	Security ID:		S-1-5-18
	Account Name:		AHSYS$
	Account Domain:		EV
	Logon ID:		0x3E7

Logon Type:			5

Impersonation Level:		Impersonation

New Logon:
	Security ID:		S-1-5-18
	Account Name:		SYSTEM
	Account Domain:		NT AUTHORITY
	Logon ID:		0x3E7
	Logon GUID:		{00000000-0000-0000-0000-000000000000}

Process Information:
	Process ID:		0x2f0
	Process Name:		C:\Windows\System32\services.exe

Network Information:
	Workstation Name:	
	Source Network Address:	-
	Source Port:		-

Detailed Authentication Information:
	Logon Process:		Advapi  
	Authentication Package:	Negotiate
	Transited Services:	-
	Package Name (NTLM only):	-
	Key Length:		0

This event is generated when a logon session is created. It is generated on the computer that was accessed.

The subject fields indicate the account on the local system which requested the logon. This is most commonly a service such as the Server service, or a local process such as Winlogon.exe or Services.exe.

The logon type field indicates the kind of logon that occurred. The most common types are 2 (interactive) and 3 (network).

The New Logon fields indicate the account for whom the new logon was created, i.e. the account that was logged on.

The network fields indicate where a remote logon request originated. Workstation name is not always available and may be left blank in some cases.

The impersonation level field indicates the extent to which a process in the logon session can impersonate.

The authentication information fields provide detailed information about this specific logon request.
	- Logon GUID is a unique identifier that can be used to correlate this event with a KDC event.
	- Transited services indicate which intermediate services have participated in this logon request.
	- Package name indicates which sub-protocol was used among the NTLM protocols.
	- Key length indicates the length of the generated session key. This will be 0 if no session key was requested.","4624","1",,"0","12544","0","-9214364837600034816","164243","Microsoft-Windows-Security-Auditing","54849625-5478-4994-a5ba-3e3b0328c30d","Security","760","6732","AHSys",,"1/31/2014 8:07:27 PM",,,"security","System.UInt32[]","System.Diagnostics.Eventing.Reader.EventBookmark","Information","Info","Logon","System.Collections.ObjectModel.ReadOnlyCollection`1[System.String]","System.Collections.Generic.List`1[System.Diagnostics.Eventing.Reader.EventProperty]"
"An account was successfully logged on.

Subject:
	Security ID:		S-1-5-18
	Account Name:		AHSYS$
	Account Domain:		EV
	Logon ID:		0x3E7

Logon Type:			5

Impersonation Level:		Impersonation

New Logon:
	Security ID:		S-1-5-18
	Account Name:		SYSTEM
	Account Domain:		NT AUTHORITY
	Logon ID:		0x3E7
	Logon GUID:		{00000000-0000-0000-0000-000000000000}

Process Information:
	Process ID:		0x2f0
	Process Name:		C:\Windows\System32\services.exe

Network Information:
	Workstation Name:	
	Source Network Address:	-
	Source Port:		-

Detailed Authentication Information:
	Logon Process:		Advapi  
	Authentication Package:	Negotiate
	Transited Services:	-
	Package Name (NTLM only):	-
	Key Length:		0

This event is generated when a logon session is created. It is generated on the computer that was accessed.

The subject fields indicate the account on the local system which requested the logon. This is most commonly a service such as the Server service, or a local process such as Winlogon.exe or Services.exe.

The logon type field indicates the kind of logon that occurred. The most common types are 2 (interactive) and 3 (network).

The New Logon fields indicate the account for whom the new logon was created, i.e. the account that was logged on.

The network fields indicate where a remote logon request originated. Workstation name is not always available and may be left blank in some cases.

The impersonation level field indicates the extent to which a process in the logon session can impersonate.

The authentication information fields provide detailed information about this specific logon request.
	- Logon GUID is a unique identifier that can be used to correlate this event with a KDC event.
	- Transited services indicate which intermediate services have participated in this logon request.
	- Package name indicates which sub-protocol was used among the NTLM protocols.
	- Key length indicates the length of the generated session key. This will be 0 if no session key was requested.","4624","1",,"0","12544","0","-9214364837600034816","164241","Microsoft-Windows-Security-Auditing","54849625-5478-4994-a5ba-3e3b0328c30d","Security","760","4364","AHSys",,"1/31/2014 7:56:32 PM",,,"security","System.UInt32[]","System.Diagnostics.Eventing.Reader.EventBookmark","Information","Info","Logon","System.Collections.ObjectModel.ReadOnlyCollection`1[System.String]","System.Collections.Generic.List`1[System.Diagnostics.Eventing.Reader.EventProperty]"
"An account was successfully logged on.

Subject:
	Security ID:		S-1-5-18
	Account Name:		AHSYS$
	Account Domain:		EV
	Logon ID:		0x3E7

Logon Type:			5

Impersonation Level:		Impersonation

New Logon:
	Security ID:		S-1-5-18
	Account Name:		SYSTEM
	Account Domain:		NT AUTHORITY
	Logon ID:		0x3E7
	Logon GUID:		{00000000-0000-0000-0000-000000000000}

Process Information:
	Process ID:		0x2f0
	Process Name:		C:\Windows\System32\services.exe

Network Information:
	Workstation Name:	
	Source Network Address:	-
	Source Port:		-

Detailed Authentication Information:
	Logon Process:		Advapi  
	Authentication Package:	Negotiate
	Transited Services:	-
	Package Name (NTLM only):	-
	Key Length:		0

This event is generated when a logon session is created. It is generated on the computer that was accessed.

The subject fields indicate the account on the local system which requested the logon. This is most commonly a service such as the Server service, or a local process such as Winlogon.exe or Services.exe.

The logon type field indicates the kind of logon that occurred. The most common types are 2 (interactive) and 3 (network).

The New Logon fields indicate the account for whom the new logon was created, i.e. the account that was logged on.

The network fields indicate where a remote logon request originated. Workstation name is not always available and may be left blank in some cases.

The impersonation level field indicates the extent to which a process in the logon session can impersonate.

The authentication information fields provide detailed information about this specific logon request.
	- Logon GUID is a unique identifier that can be used to correlate this event with a KDC event.
	- Transited services indicate which intermediate services have participated in this logon request.
	- Package name indicates which sub-protocol was used among the NTLM protocols.
	- Key length indicates the length of the generated session key. This will be 0 if no session key was requested.","4624","1",,"0","12544","0","-9214364837600034816","164239","Microsoft-Windows-Security-Auditing","54849625-5478-4994-a5ba-3e3b0328c30d","Security","760","7308","AHSys",,"1/31/2014 7:48:52 PM",,,"security","System.UInt32[]","System.Diagnostics.Eventing.Reader.EventBookmark","Information","Info","Logon","System.Collections.ObjectModel.ReadOnlyCollection`1[System.String]","System.Collections.Generic.List`1[System.Diagnostics.Eventing.Reader.EventProperty]"
"An account was successfully logged on.

Subject:
	Security ID:		S-1-5-18
	Account Name:		AHSYS$
	Account Domain:		EV
	Logon ID:		0x3E7

Logon Type:			5

Impersonation Level:		Impersonation

New Logon:
	Security ID:		S-1-5-18
	Account Name:		SYSTEM
	Account Domain:		NT AUTHORITY
	Logon ID:		0x3E7
	Logon GUID:		{00000000-0000-0000-0000-000000000000}

Process Information:
	Process ID:		0x2f0
	Process Name:		C:\Windows\System32\services.exe

Network Information:
	Workstation Name:	
	Source Network Address:	-
	Source Port:		-

Detailed Authentication Information:
	Logon Process:		Advapi  
	Authentication Package:	Negotiate
	Transited Services:	-
	Package Name (NTLM only):	-
	Key Length:		0

This event is generated when a logon session is created. It is generated on the computer that was accessed.

The subject fields indicate the account on the local system which requested the logon. This is most commonly a service such as the Server service, or a local process such as Winlogon.exe or Services.exe.

The logon type field indicates the kind of logon that occurred. The most common types are 2 (interactive) and 3 (network).

The New Logon fields indicate the account for whom the new logon was created, i.e. the account that was logged on.

The network fields indicate where a remote logon request originated. Workstation name is not always available and may be left blank in some cases.

The impersonation level field indicates the extent to which a process in the logon session can impersonate.

The authentication information fields provide detailed information about this specific logon request.
	- Logon GUID is a unique identifier that can be used to correlate this event with a KDC event.
	- Transited services indicate which intermediate services have participated in this logon request.
	- Package name indicates which sub-protocol was used among the NTLM protocols.
	- Key length indicates the length of the generated session key. This will be 0 if no session key was requested.","4624","1",,"0","12544","0","-9214364837600034816","164237","Microsoft-Windows-Security-Auditing","54849625-5478-4994-a5ba-3e3b0328c30d","Security","760","10992","AHSys",,"1/31/2014 7:42:51 PM",,,"security","System.UInt32[]","System.Diagnostics.Eventing.Reader.EventBookmark","Information","Info","Logon","System.Collections.ObjectModel.ReadOnlyCollection`1[System.String]","System.Collections.Generic.List`1[System.Diagnostics.Eventing.Reader.EventProperty]"
"An account was successfully logged on.

Subject:
	Security ID:		S-1-5-18
	Account Name:		AHSYS$
	Account Domain:		EV
	Logon ID:		0x3E7

Logon Type:			5

Impersonation Level:		Impersonation

New Logon:
	Security ID:		S-1-5-18
	Account Name:		SYSTEM
	Account Domain:		NT AUTHORITY
	Logon ID:		0x3E7
	Logon GUID:		{00000000-0000-0000-0000-000000000000}

Process Information:
	Process ID:		0x2f0
	Process Name:		C:\Windows\System32\services.exe

Network Information:
	Workstation Name:	
	Source Network Address:	-
	Source Port:		-

Detailed Authentication Information:
	Logon Process:		Advapi  
	Authentication Package:	Negotiate
	Transited Services:	-
	Package Name (NTLM only):	-
	Key Length:		0

This event is generated when a logon session is created. It is generated on the computer that was accessed.

The subject fields indicate the account on the local system which requested the logon. This is most commonly a service such as the Server service, or a local process such as Winlogon.exe or Services.exe.

The logon type field indicates the kind of logon that occurred. The most common types are 2 (interactive) and 3 (network).

The New Logon fields indicate the account for whom the new logon was created, i.e. the account that was logged on.

The network fields indicate where a remote logon request originated. Workstation name is not always available and may be left blank in some cases.

The impersonation level field indicates the extent to which a process in the logon session can impersonate.

The authentication information fields provide detailed information about this specific logon request.
	- Logon GUID is a unique identifier that can be used to correlate this event with a KDC event.
	- Transited services indicate which intermediate services have participated in this logon request.
	- Package name indicates which sub-protocol was used among the NTLM protocols.
	- Key length indicates the length of the generated session key. This will be 0 if no session key was requested.","4624","1",,"0","12544","0","-9214364837600034816","164235","Microsoft-Windows-Security-Auditing","54849625-5478-4994-a5ba-3e3b0328c30d","Security","760","5352","AHSys",,"1/31/2014 6:07:09 PM",,,"security","System.UInt32[]","System.Diagnostics.Eventing.Reader.EventBookmark","Information","Info","Logon","System.Collections.ObjectModel.ReadOnlyCollection`1[System.String]","System.Collections.Generic.List`1[System.Diagnostics.Eventing.Reader.EventProperty]"
"An account was successfully logged on.

Subject:
	Security ID:		S-1-5-18
	Account Name:		AHSYS$
	Account Domain:		EV
	Logon ID:		0x3E7

Logon Type:			5

Impersonation Level:		Impersonation

New Logon:
	Security ID:		S-1-5-18
	Account Name:		SYSTEM
	Account Domain:		NT AUTHORITY
	Logon ID:		0x3E7
	Logon GUID:		{00000000-0000-0000-0000-000000000000}

Process Information:
	Process ID:		0x2f0
	Process Name:		C:\Windows\System32\services.exe

Network Information:
	Workstation Name:	
	Source Network Address:	-
	Source Port:		-

Detailed Authentication Information:
	Logon Process:		Advapi  
	Authentication Package:	Negotiate
	Transited Services:	-
	Package Name (NTLM only):	-
	Key Length:		0

This event is generated when a logon session is created. It is generated on the computer that was accessed.

The subject fields indicate the account on the local system which requested the logon. This is most commonly a service such as the Server service, or a local process such as Winlogon.exe or Services.exe.

The logon type field indicates the kind of logon that occurred. The most common types are 2 (interactive) and 3 (network).

The New Logon fields indicate the account for whom the new logon was created, i.e. the account that was logged on.

The network fields indicate where a remote logon request originated. Workstation name is not always available and may be left blank in some cases.

The impersonation level field indicates the extent to which a process in the logon session can impersonate.

The authentication information fields provide detailed information about this specific logon request.
	- Logon GUID is a unique identifier that can be used to correlate this event with a KDC event.
	- Transited services indicate which intermediate services have participated in this logon request.
	- Package name indicates which sub-protocol was used among the NTLM protocols.
	- Key length indicates the length of the generated session key. This will be 0 if no session key was requested.","4624","1",,"0","12544","0","-9214364837600034816","164233","Microsoft-Windows-Security-Auditing","54849625-5478-4994-a5ba-3e3b0328c30d","Security","760","8172","AHSys",,"1/31/2014 2:51:23 PM",,,"security","System.UInt32[]","System.Diagnostics.Eventing.Reader.EventBookmark","Information","Info","Logon","System.Collections.ObjectModel.ReadOnlyCollection`1[System.String]","System.Collections.Generic.List`1[System.Diagnostics.Eventing.Reader.EventProperty]"
"Fault bucket -815715587, type 5
Event Name: AEAPPINVW8
Response: Not available
Cab Id: 0

Problem signature:
P1: 103
P2: 2
P3: 6.3.0.0
P4: 1033
P5: 58
P6: 
P7: 
P8: 
P9: 
P10: 

Attached files:

These files may be available here:


Analysis symbol: 
Rechecking for solution: 0
Report Id: e3c86c17-8b6b-11e3-bea7-bcaec5425f2c
Report Status: 0
Hashed bucket: 30294d76c5ad2181160ac805d715c868","1001",,"0","4","0",,"36028797018963968","587427","Windows Error Reporting",,"Application",,,"AHSys",,"2/1/2014 1:08:46 PM",,,"application","System.UInt32[]","System.Diagnostics.Eventing.Reader.EventBookmark","Information","Info",,"System.Collections.ObjectModel.ReadOnlyCollection`1[System.String]","System.Collections.Generic.List`1[System.Diagnostics.Eventing.Reader.EventProperty]"
