"File","SizeinKB","LastModified","Hash"
"C:\BTMeLog_PHL107766.txt","39.7","1/28/2014 7:30:31 AM","223C054D971225937A0D4F062B3DB8C4"
"C:\EVLog_WIN7MASTER.txt","52.3","1/16/2013 6:22:02 AM","90BE7C35F5EAB43BC7D2575AFD7720C3"
"C:\LyncLog_WIN7MASTER.txt","0.11","1/16/2013 6:23:44 AM","086EA6BCC780CD335F179B47F101CD67"
"C:\Officelog_WIN7MASTER.txt","0.11","8/16/2012 6:00:36 AM","9560E95648832AA999D41C7288912696"
"C:\OulookLog_WIN7MASTER.txt","0.05","1/16/2013 6:20:20 AM","9BAC691BD2037613C4E2A9D143ED9801"
"C:\outlook2010_installLog.txt","1410.1","1/16/2013 6:20:20 AM","B6FAF0AAC2EFAFB288243388B89166AE"
"C:\PHL - changes.txt","0.92","6/23/2013 4:51:16 PM","AAF718711B6D70EE1D7CCF2BD06CF66C"
"C:\snare-config.xml","0.16","10/22/2013 4:00:04 PM","93186136F975593E3154CE8A91B82915"
"C:\te8.1","0","8/13/2013 2:54:54 PM","D41D8CD98F00B204E9800998ECF8427E"
"C:\tk0.1","0","1/11/2013 4:44:04 AM","D41D8CD98F00B204E9800998ECF8427E"
"C:\Win7Master - v1.1.txt","0.21","5/7/2013 10:24:30 AM","A13BA5AF56AED8ADA304755AC744A993"
"C:\CharlesRiver\81311\Charles River IMS AddIn\CharlesRiverIMSAddIn.dll","576","5/15/2006 3:11:36 PM","E84F3CE2D42A8740D239B30A012CFB98"
"C:\CharlesRiver\81311\Charles River IMS AddIn\CharlesRiverIMSAddIn.tlb","38.18","5/15/2006 3:11:38 PM","DFDADBF8B8A5AEA8E02253735DC10945"
"C:\CharlesRiver\81311\Charles River IMS AddIn\CharlesRiverIMSAddIn_User_Guide.doc","683","3/14/2006 3:22:50 PM","3741A422EE4A5B8DE6C0E0B99FDA130D"
"C:\CharlesRiver\81311\Charles River IMS AddIn\Crd.Base.DLL","36","5/15/2006 12:00:44 PM","8EAE48F667A5143B9147ACD1AA3EA811"
"C:\CharlesRiver\81311\Charles River IMS AddIn\crd.bmp","0.8","9/15/2005 10:27:42 AM","5030C4444C868BE98C5FF3E2F76278F7"
"C:\CharlesRiver\81311\Charles River IMS AddIn\Crd.Web.DLL","1460","5/15/2006 12:00:50 PM","55360EFB6029FE8C8938DC776CE30A4A"
"C:\CharlesRiver\81311\Charles River IMS AddIn\CRDConfigData.xml","3.3","2/1/2014 10:34:15 AM","760F723DF5B726C4B91B08DD8F055827"
"C:\CharlesRiver\81311\Charles River IMS AddIn\CRDConfigData_back.xml","0.65","9/17/2004 8:09:02 AM","E02D9C79F363D8E993EE5EB98E415FFE"
"C:\CharlesRiver\81311\Charles River IMS AddIn\Extensibility.dll","4.5","7/5/2004 10:17:52 AM","74C8987F1B2549E1DF3EB3874B68ECAC"
"C:\CharlesRiver\81311\Charles River IMS AddIn\inputjobs.xml","1.49","2/23/2006 1:56:54 PM","B5267DCF0AB3BD1DF712002ADC2835B2"
"C:\CharlesRiver\81311\Charles River IMS AddIn\InputMappings.xml","12.79","3/6/2006 10:51:42 AM","C56D867E392E4DD9F41BD0A7C824A21C"
"C:\CharlesRiver\81311\Charles River IMS AddIn\mappings.xml","7.72","2/21/2006 12:25:28 PM","5A3AA8EE6CDDF9058B3ED1A987891239"
"C:\CharlesRiver\81311\Charles River IMS AddIn\MapTaxLotTemplate.xml","1.2","9/17/2004 8:09:12 AM","39A6C34CD64291BAC6CCB7CDEBCCC399"
"C:\CharlesRiver\81311\Charles River IMS AddIn\Microsoft.Office.Interop.Excel.DLL","1024","9/6/2002 1:52:56 PM","29018ADB59B56B6E8E6F97447034C1AC"
"C:\CharlesRiver\81311\Charles River IMS AddIn\Microsoft.Vbe.Interop.DLL","56","9/6/2002 1:53:10 PM","8EE4BC325DA3C5F2C13E9BABAE27D615"
"C:\CharlesRiver\81311\Charles River IMS AddIn\Microsoft.Web.Services2.DLL","664","6/30/2005 6:42:14 AM","424E30FBB9A189C6A9475FCC203889C8"
"C:\CharlesRiver\81311\Charles River IMS AddIn\Office.dll","192","7/5/2004 10:18:04 AM","A9EBE763C100C6B095EB46DE5A043E17"
"C:\CharlesRiver\81311\Charles River IMS AddIn\QueryAccounts.xml","1.56","9/17/2004 8:09:14 AM","3573B973F549E5E8BFB396FC00828159"
"C:\CharlesRiver\81311\Charles River IMS AddIn\queryjobs.xml","3.55","2/22/2006 10:20:34 AM","C01F778B80EB9918D944D0B6E43637C3"
"C:\CharlesRiver\81311\Charles River IMS AddIn\QueryTaxLots.xml","0.42","11/10/2004 2:16:52 PM","73952253630EE6D61A7E5B23170EC4EA"
"C:\CharlesRiver\81311\Charles River IMS AddIn\readme.txt","3.1","9/19/2005 8:01:48 AM","598DB5F23139B12132EA5E495EAD1816"
"C:\CharlesRiver\81311\Charles River IMS AddIn\SendToAccounting.xml","0.28","9/17/2004 8:09:18 AM","60EC8748DD568F427F6DB44E0D6E9053"
"C:\CharlesRiver\81311\Charles River IMS AddIn\stdole.dll","16","7/5/2004 10:16:12 AM","E1EEB7E26AB04075EECC7275239B20B3"
"C:\CharlesRiver\81311\Charles River IMS AddIn\SubscribeTaxLot.xml","6.61","1/12/2005 9:47:14 AM","9D6728F7559D6FA9EE3ADE60659A4875"
"C:\CharlesRiver\81311\Charles River IMS AddIn\Subscriptions.xml","0.67","1/31/2006 10:17:32 AM","AAAD34302AA54433C92D68B420F67FBD"
"C:\CharlesRiver\81311\Charles River IMS AddIn\Samples\CharlesRiverHedge Sample.xls","544","10/13/2005 10:09:04 AM","DCD85ECE34A86867C2F2B54A4467BAD0"
"C:\CharlesRiver\81311\Charles River IMS AddIn\Samples\Excel Addin Sample.xls","1020","11/18/2005 10:26:14 AM","CBF924C4327E0C8A6F2C786610B796F7"
"C:\CharlesRiver\81311\Charles River IMS AddIn\Samples\Model Sample.xls","248","10/13/2005 10:13:20 AM","BE0326ECE8FD126CB7CA990439E0C657"
"C:\CharlesRiver\81311\Charles River IMS AddIn\Samples\Model With Intraday positions Sample.xls","497.5","10/13/2005 10:13:56 AM","4F7033DD1856746C8F2072F4C5315131"
"C:\CharlesRiver\81311\Charles River IMS AddIn\Samples\Model.xls","76.5","2/24/2006 9:27:38 AM","6F3989F5285339A4D4656E9180349E35"
"C:\CharlesRiver\81311\Charles River IMS AddIn\Samples\OrderService_And_PlaceFill Sample.xls","1995","10/13/2005 10:18:46 AM","BEB57B01594A11971414DDF756A8BAA4"
"C:\CharlesRiver\81311\Charles River IMS AddIn\Samples\OrderService_And_PlaceFill_Dialog Sample.xls","1164","10/13/2005 10:19:20 AM","0A2B22414D1E134227A429559FF362A9"
"C:\CharlesRiver\81311\Charles River IMS AddIn\Samples\ProgramTrades Sample.xls","34.5","10/13/2005 10:19:58 AM","C1FF998337E63A14663A5A63F27F3361"
"C:\CharlesRiver\81311\Charles River IMS AddIn\Samples\ProgramTrades_bulk_OrderCreate Sample.xls","919","10/13/2005 10:20:22 AM","7780AFBDED0D0BF4A36D23605773F9E8"
"C:\CharlesRiver\81311\Charles River IMS AddIn\Samples\Targeting Sample.xls","982","10/13/2005 10:21:00 AM","50734D820E37E5BEDEB2459CE063BD33"
"C:\Data\alldesktop.xlsx","116.58","11/14/2013 9:52:35 AM","6904DF2FCA2E6C40C54904D22F27811D"
"C:\Data\allservers.xlsx","38.44","11/15/2013 11:41:56 AM","35403788828EB5943F584D8D8777E406"
"C:\Data\allUSPc.txt","47.77","10/7/2013 4:14:35 PM","E3AE25334FC050CC7A3047FC79A69CF1"
"C:\Data\computer.txt","0.6","10/22/2013 4:48:46 PM","8A64F061E59EA23BEC38BAAA2B60B6E0"
"C:\Data\Configure-PerformanceMonitor-v2.ps1","252.28","10/28/2013 2:59:40 PM","E31C22A6535D6DC6A4E00F108978478E"
"C:\Data\dailyMcUsers.csv","0.01","10/7/2013 4:14:38 PM","ED19CA99581136D44B35BBB2240A6BF6"
"C:\Data\DailyTasks.csv","26.97","11/18/2013 10:29:03 AM","145B51E80695652AA60C3EE7EE5B39C6"
"C:\Data\dailytasksum.csv","0.89","11/19/2013 11:29:11 AM","72AC26BCDCE1CE4710A843E0037379BC"
"C:\Data\dc-comp.csv","0.43","11/13/2013 8:40:37 AM","47022FEE83628FB0235900A5C502AD33"
"C:\Data\dc-comp.xlsx","9.6","11/13/2013 2:54:40 PM","D7799B877512B7A70849F984E588D0FE"
"C:\Data\Dell-MSS-BrowserCertificate.p12","3.69","11/6/2013 7:44:17 AM","2889176C7EF261C7E32A16CE8980E6BA"
"C:\Data\fosus1.csv","5.06","10/29/2013 2:52:52 PM","DBA679ED2BA4BA4E061D8D61B2C15B45"
"C:\Data\fosus2.csv","3.88","10/29/2013 2:54:44 PM","3007BF5E2EB506CEA1D95642C42FD801"
"C:\Data\gpresult.html","394.44","10/18/2013 12:08:59 PM","EA8663FFECED834D87A81F3CC4F51451"
"C:\Data\gpresult.txt","48.54","10/18/2013 12:05:54 PM","131DE38235F9E56ACE8399FCA0D391AE"
"C:\Data\IIS-ZipRemove-Opt2.ps1","4.06","10/29/2013 3:31:24 PM","2839041993C8E50A8484387240862499"
"C:\Data\IIS-ZipRemove.ps1","2.04","10/29/2013 3:28:28 PM","53F466BD2C97687474D2A5FF491C3669"
"C:\Data\IISLogFileArchive.ps1","9.93","10/29/2013 3:43:36 PM","5B4DEA71C328F35FF8739E17D38572DF"
"C:\Data\ngrep.exe","80","10/21/2013 11:57:14 AM","D1010F5D500A2A79F66DBDA1EF9B4E22"
"C:\Data\operations.json","422.64","11/15/2013 3:39:00 PM","3E9BF68EA29F265590E669C23FC1D377"
"C:\Data\Powershell Find LoopBack Processing GPO.txt","5.01","10/18/2013 12:07:32 PM","78A3142A592327A1AA51CDBFD2245DDA"
"C:\Data\svcSQL.png","13.55","11/4/2013 1:32:47 PM","A9E18784819C2094C73CF9DA04CEE961"
"C:\Data\test.xml","28.62","10/22/2013 2:37:41 PM","29696D65F62993029428A07F520758BF"
"C:\Data\tropo.ps1","0.66","11/13/2013 2:52:42 PM","0CF1B60073DE10AD567D2ACEF4D2EAFC"
"C:\Data\u_ex131026.log","86357.27","10/26/2013 8:00:00 PM","36A860058941A333E5B0D8B0DC6F78B0"
"C:\Data\AAMDesktop\AAMDesktop-v1.0.1.ps1","42.48","10/9/2013 9:15:34 AM","24A6B021828C612DE9FA918BF9866FE0"
"C:\Data\AAMDesktop\AAMDesktop.rar","8.99","12/20/2013 11:49:52 AM","8E25FAAD3990ACA22FE24150C61957FF"
"C:\Data\AAMDesktop\AWSA-v3.ps1","41.4","10/28/2013 11:19:41 AM","C8891932E0342A07D7CAFE6F5EB7D639"
"C:\Data\AAMDesktop\AWSA.Options.xml","2.75","10/8/2013 3:24:21 PM","5C98BA3F9D1DA87B7ECE4B9CBE4DA580"
"C:\Data\AAMDesktop\Install-WindowsADModuleForWin7.ps1","0.53","10/8/2013 4:22:05 PM","1E164D94F0894C6A0D75966656A05FB0"
"C:\Data\AAMDesktop\kb958830.msu","245284.18","10/8/2013 4:04:19 PM","F1457C27E63A23CDBEC93D4558666314"
"C:\Data\AAMDesktop\Ps103.ps1","0.9","11/12/2013 12:14:59 PM","A3380EB7009CB206B209809975E7B8D3"
"C:\Data\AAMDesktop\QAD-computer-path.ps1","0.2","11/12/2013 2:24:41 PM","8D69B5AFCBEA9E9D7B1B7BAD1774EA5E"
"C:\Data\AAMDesktop\Specs-v1.0.xlsx","9.05","10/8/2013 3:21:49 PM","454FA0E1290BD6AE544AFE465E876ADD"
"C:\Data\IISLogFileArchive\IISLogFileArchive.ps1","13.22","10/29/2013 10:42:20 AM","7C014A00BC762DA1C1325BE3491E3AD1"
"C:\Data\PAL\ActiveDirectory.xml","10.34","7/17/2012 1:44:50 PM","2AB2741F8550252B65E2EFBF5C2A13BA"
"C:\Data\PAL\Asp.xml","9.98","6/27/2012 4:36:36 PM","00BB9626C1212F6535B07E23200F51F5"
"C:\Data\PAL\AspDotNet.xml","21.11","9/25/2013 12:25:06 AM","6ABD60C92E5B0B865387A270A148C5E0"
"C:\Data\PAL\BizTalkServer2006.xml","127.66","9/25/2013 12:26:20 AM","04DC819C70001F1B4D238426B13B5F8D"
"C:\Data\PAL\BuildNotes.txt","22.54","9/27/2013 9:50:06 AM","5CA22B031F1D10D7EECC7D01D8E71C2D"
"C:\Data\PAL\CitrixXenApp.xml","17.56","11/23/2011 4:09:14 PM","09EEF0DDD90EF69CCAAB13CA9E14C4CA"
"C:\Data\PAL\Custom.xml","0.44","8/22/2013 2:44:04 PM","B753010CAD17684F152403866DC489DA"
"C:\Data\PAL\DotNet.xml","11.08","9/25/2013 12:24:36 AM","25648E9C9F96F064878BD52BFDD4E502"
"C:\Data\PAL\DynamicsAX.xml","6.85","11/23/2011 4:09:14 PM","D64054A22EA0F04D338EFB134FFDBFE1"
"C:\Data\PAL\DynamicsAX2012AOS.xml","18.58","1/11/2012 12:27:42 AM","0112D046CBC5D6B52685C0432CC2103D"
"C:\Data\PAL\Exchange.xml","164.26","11/23/2011 4:09:14 PM","D31D4286A01AC7B1E44FF89F1E4E8C3A"
"C:\Data\PAL\Exchange2003.xml","75.38","7/17/2012 1:46:10 PM","27F12E5DFA15BDAB59F7792ABE1E94A9"
"C:\Data\PAL\Exchange2007-CAS-TechNet.xml","41.84","6/14/2012 3:58:20 PM","16D56A44F03053869A84150D0ADEEDE4"
"C:\Data\PAL\Exchange2007-CAS.xml","124.54","11/23/2011 4:09:14 PM","D0170AC4957063518F3B902472A8D6F7"
"C:\Data\PAL\Exchange2007-Common-TechNet.xml","82.7","9/24/2013 11:53:08 PM","598D4C41FE5EEF0CCF5293A582F5BBF6"
"C:\Data\PAL\Exchange2007-EDGE-TechNet.xml","100.86","6/14/2012 3:11:06 PM","606BBD288CBAED4666589341CE363943"
"C:\Data\PAL\Exchange2007-HUB-TechNet.xml","79.52","6/14/2012 4:03:42 PM","FBF80E7B42BA0EC449460345AC87E6E9"
"C:\Data\PAL\Exchange2007-HUB.xml","152.17","9/5/2012 9:24:14 AM","CF823F9573B0CB79B7901DAE950E6703"
"C:\Data\PAL\Exchange2007-HUBCAS-TechNet.xml","3.74","6/13/2012 3:50:30 PM","CA3B5F40CD35FC08AA8567057AA502FA"
"C:\Data\PAL\Exchange2007-HUBCAS.xml","197.59","11/23/2011 4:09:14 PM","3356CD506818298719FCF7D84253F1DC"
"C:\Data\PAL\Exchange2007-HUBCASMBX-TechNet.xml","3.88","6/13/2012 4:17:54 PM","33543BC93F846A2EB28B91D5A9083FAA"
"C:\Data\PAL\Exchange2007-HUBMBX-TechNet.xml","0.59","6/13/2012 12:28:08 PM","A152EDD463882DF2ADD4C6DF80C5E4F1"
"C:\Data\PAL\Exchange2007-MBX-TechNet.xml","140.71","6/13/2012 4:09:12 PM","BD7FB229ECFE357746B9F776DBC091EF"
"C:\Data\PAL\Exchange2007-MBX.xml","166.56","11/23/2011 4:09:14 PM","C7B5C39A3000B0BD9C64E123FD284930"
"C:\Data\PAL\Exchange2007-UM-TechNet.xml","14.73","6/14/2012 11:45:54 AM","7967598FA1B3F485FA0ABD896C74BDB7"
"C:\Data\PAL\Exchange2010.xml","268.19","12/20/2011 12:06:56 PM","8F9052E2429A1F50CDB2529EB1D837AB"
"C:\Data\PAL\FS4SP.xml","9.71","11/23/2011 4:09:14 PM","84631B30435C6523DE0DC7C0F25C5A30"
"C:\Data\PAL\HyperV.xml","38.85","11/23/2011 4:09:14 PM","235A6938DD4EED9622BDFE8689A3A4EE"
"C:\Data\PAL\HyperV30.xml","52.99","6/4/2012 3:48:12 AM","DCF6E9566B4271C661402E9541791247"
"C:\Data\PAL\ICIPThresholds.xml","4.15","11/23/2011 4:09:14 PM","0DB30144B8DBC1DB57B2675C4A129F82"
"C:\Data\PAL\IIS.xml","41.43","9/25/2013 12:26:38 AM","9ADFE2069532279641F32A08BB00DBBA"
"C:\Data\PAL\MOSS_Search.xml","22.83","9/28/2013 12:11:14 PM","CF027078F5CF5F78C2B5FECD7FFC17CE"
"C:\Data\PAL\OCS2007R2-Archiving.xml","5.58","11/23/2011 4:09:14 PM","613D88C62657C22E35213A57B54BF2AD"
"C:\Data\PAL\OCS2007R2-CWA.xml","27.11","11/23/2011 4:09:14 PM","C965C14D309442838532F02C57626648"
"C:\Data\PAL\OCS2007R2-Edge.xml","113.18","12/3/2012 9:22:46 PM","31E32218D73C219BFB5C0E3C053EAAB1"
"C:\Data\PAL\OCS2007R2-Enterprise.xml","104.52","11/23/2011 4:09:14 PM","AFDBED272BF6DFD3D4C5BA04F34E2407"
"C:\Data\PAL\OCS2007R2-Mediation.xml","2.51","11/23/2011 4:09:14 PM","9DA0C8EA91A0EF8DA5291689CD9D2F95"
"C:\Data\PAL\OCS2007R2-Monitoring.xml","8.13","11/23/2011 4:09:14 PM","B95E771E62F88CF501C296F1272DDB86"
"C:\Data\PAL\OCS2007R2-Standard.xml","102.41","11/23/2011 4:09:14 PM","FD800731E6052ADF3C1EA56AAB1C6CCE"
"C:\Data\PAL\PAL.ICO","1.05","6/22/2007 1:59:22 PM","40FDDDE5DAC478A6195C2F0447A80900"
"C:\Data\PAL\PAL.ps1","239.62","9/28/2013 2:40:16 PM","9126E693989E08326380A1DA2B71060A"
"C:\Data\PAL\PalAnalyze.ps1","108.88","9/5/2013 1:24:36 PM","90B48BE119991E3D6988C5E2C8EC9113"
"C:\Data\PAL\PalCollector.ps1","11.57","2/19/2013 9:10:04 PM","696951EDC051FD6ADAF1640E7F1ACB20"
"C:\Data\PAL\PALFunctions.dll","43.5","9/28/2013 2:47:20 PM","7F172F93AFA2D046F51BD0052142603B"
"C:\Data\PAL\PALFunctions.pdb","69.5","9/28/2013 2:47:20 PM","FD83ED22E9E57E1BFF6CE1F5A585B46C"
"C:\Data\PAL\PALWizard.exe","327","9/28/2013 2:47:20 PM","AB5090E4FC361C7C58DBD775ED453AEE"
"C:\Data\PAL\PALWizard.pdb","277.5","9/28/2013 2:47:20 PM","5790FDF4A5D6012997434847296BA3D5"
"C:\Data\PAL\PAL_VMwareView_PCoIP.xml","69.49","10/30/2012 10:17:24 AM","04194572AAA3661EA49025D73D1DFF4D"
"C:\Data\PAL\PAL_VMwareView_VDM.xml","12.3","10/30/2012 10:17:28 AM","1D5A2E80E49191BA7CF49FD284AEF636"
"C:\Data\PAL\ProjectServer.xml","100.45","11/23/2011 4:09:14 PM","75D62A7AD0D32C1D1E51DDB1A50DF584"
"C:\Data\PAL\QuickSystemOverview.xml","240.22","9/28/2013 2:37:48 PM","8230A521DF2FE2F90E7D4DE935D948B7"
"C:\Data\PAL\Readme.txt","4.68","8/31/2010 9:43:22 PM","6BE28FD05BB24FB2BBEEF4705B87E007"
"C:\Data\PAL\SamplePerfmonLog.blg","448","8/14/2007 11:50:40 AM","6162BF241CCD240917BEA091B8C24599"
"C:\Data\PAL\SharePoint.xml","5.47","11/23/2011 4:09:14 PM","C46E9A34A84898406E6A8AE0E2ACF5D9"
"C:\Data\PAL\SPS2010.xml","20.15","11/23/2011 4:09:14 PM","759D2D66FEC10A050FBF5E34DC68C9A7"
"C:\Data\PAL\SQLServer.xml","122.08","2/28/2012 3:02:58 PM","0BF9ADEB428C91C9ED0BBA4283C1ECBB"
"C:\Data\PAL\SQLServer2008R2.xml","230.01","5/30/2013 11:41:20 PM","0CE78EDCB414017597EB0BA16A0F9250"
"C:\Data\PAL\SystemOverview.xml","34.79","9/17/2013 8:59:14 AM","838C629796604E4E0A37A4546F8E93E2"
"C:\Data\PAL\TMG2010.xml","63.99","9/24/2013 11:59:06 PM","A5A28ED871FBE66C52723240F1A42A38"
"C:\Data\PAL\UAG2010.xml","61.04","11/27/2012 10:46:00 PM","D86648527928538CF56C589DE161DEBB"
"C:\Data\PAL\VMWare.xml","14.5","3/30/2012 8:13:44 AM","EE74E7F842FA9FEA8C2A213880E9D147"
"C:\Data\PAL\PerfmonLogScripts\CounterList_BizTalk2004.txt","0.31","3/6/2007 4:23:02 PM","F594C45F8699D480E11630CDFA5EEC00"
"C:\Data\PAL\PerfmonLogScripts\CounterList_BizTalk2006.txt","1.06","4/10/2007 8:12:32 AM","6665BD2E9A9DD7ED0A974506BEFBF16E"
"C:\Data\PAL\PerfmonLogScripts\Counterlist_IIS6.txt","0.48","5/1/2007 6:45:52 AM","99BBDBE24E38F7809CEC2CE9412E63C8"
"C:\Data\PAL\PerfmonLogScripts\CounterList_SystemOverview.txt","0.13","3/6/2007 9:22:10 PM","C23534EB2BD3636DCAA973F221B8601B"
"C:\Data\PAL\PerfmonLogScripts\CreateAndStartPerfmonLogs.vbs","8.47","4/10/2007 8:02:32 AM","950190134BBE22CEEC9503A5A0CC62CD"
"C:\Data\PAL\PerfmonLogScripts\MovePerfmonLogs.vbs","5.07","3/6/2007 7:16:32 PM","A012C476D7CBFBE4A44A8B764D052DC5"
"C:\Data\PAL\PerfmonLogScripts\Readme.txt","3.28","10/5/2007 4:23:00 PM","D1993AA4F0493F085F4797B26DAD5329"
"C:\Data\PAL\PerfmonLogScripts\StartPerfmonLogs.vbs","5.43","3/14/2007 9:48:28 AM","068024FA181730EDCB515EAED88E8A85"
"C:\Data\PAL\PerfmonLogScripts\StopPerfmonLogs.vbs","5.42","3/14/2007 9:48:48 AM","0FF88D2F1A3FF9AA00CC3E0341CB4393"
"C:\Data\psexec\computer.txt","0.6","10/22/2013 4:28:26 PM","8A64F061E59EA23BEC38BAAA2B60B6E0"
"C:\Data\psexec\PsExec.exe","372.87","10/8/2013 10:59:49 AM","AEEE996FD3484F28E5CD85FE26B6BDCD"
"C:\Data\psexec\PsRemoting.bat","10.06","10/23/2013 5:20:25 PM","0C39F381265C6A2B867DE8C247C107E5"
"C:\Data\scripts\deploy-snare1.ps1","3.7","10/25/2013 3:49:01 PM","8A711F91BC343CFEA52E0EC96EF7AB50"
"C:\Data\scripts\export-registry.ps1","2.91","10/22/2013 2:34:00 PM","07F69B9AD77AE3C99914142A08FB1C95"
"C:\Data\scripts\fixedincome-kb-compare.ps1","0.18","10/21/2013 8:09:18 AM","BCFBAD8916B4F2CAE16937BD8C8ED35E"
"C:\Data\scripts\gantcho.ps1","0.63","10/22/2013 8:44:44 AM","866BE70FCE251F061F1009A8BEF8C9AC"
"C:\Data\scripts\Generate-PsExec.ps1","0.33","10/23/2013 5:20:24 PM","94F58750024E776F6BC6B85E2E61D347"
"C:\Data\scripts\get-Java7Version.ps1","1.54","10/22/2013 8:44:41 AM","D764347FB59E5B5ECCA86DE8774BBE04"
"C:\Data\scripts\phl-it-testgroup.txt","0.06","10/17/2013 3:50:48 PM","2C1E7DCB93C49ED47DCD1FE4F7F84AE2"
"C:\Data\scripts\rsnare.bat","8.35","10/22/2013 2:02:12 PM","211F99D1E26EE6EA0C4DE81CCB31FCF9"
"C:\Data\sysint\accesschk.exe","320.69","10/8/2013 10:59:48 AM","9CD62994573A50A087474AD9ED6049E7"
"C:\Data\sysint\AccessEnum.exe","170.87","10/8/2013 10:59:48 AM","F4CD850FDAB64FFBBCC249374BA17F5B"
"C:\Data\sysint\AdExplorer.chm","49.2","10/8/2013 10:59:48 AM","9B43056228E3623772B0AD0D3D0474C4"
"C:\Data\sysint\ADExplorer.exe","468.59","10/8/2013 10:59:48 AM","5D70CF91907165A1425E4ECB4FFA03AA"
"C:\Data\sysint\ADInsight.chm","392.2","10/8/2013 10:59:48 AM","46419653F638BAC55A48CCBC05DBAD8F"
"C:\Data\sysint\ADInsight.exe","1025.04","10/8/2013 10:59:48 AM","E8E036E259B4F53763DADABAE1D9FB9E"
"C:\Data\sysint\adrestore.exe","146.8","10/8/2013 10:59:48 AM","03B7E47241775016B74BEC1B10894974"
"C:\Data\sysint\Autologon.exe","145.37","10/8/2013 10:59:48 AM","85CF5AB3417AA5ED266275A91E8FE385"
"C:\Data\sysint\autoruns.chm","48.36","10/8/2013 10:59:48 AM","6080566F2C5204DC3F2D293907BC4C04"
"C:\Data\sysint\autoruns.exe","645.69","10/8/2013 10:59:48 AM","A6E0D27AF296C251D4F0C62D018D5DA5"
"C:\Data\sysint\autorunsc.exe","565.69","10/8/2013 10:59:48 AM","6677B6017E5D470CF99EF60D1802BCCC"
"C:\Data\sysint\Bginfo.exe","827.19","10/8/2013 10:59:48 AM","3652BA8B882BF6C69AF70CE73CF0D616"
"C:\Data\sysint\Cacheset.exe","150.8","10/8/2013 10:59:48 AM","99936EC7843663C081BA7AD33AAB9D17"
"C:\Data\sysint\Clockres.exe","148.38","10/8/2013 10:59:48 AM","06B47FA5BFAA916CD68B38DCD3ABE68B"
"C:\Data\sysint\Contig.exe","203.09","10/8/2013 10:59:48 AM","A0B73982F48399E2B9FC99D54A2DC493"
"C:\Data\sysint\Coreinfo.exe","1444.59","10/8/2013 10:59:48 AM","8CE67CCD19AD85FED77326E8C7550FAF"
"C:\Data\sysint\ctrl2cap.amd.sys","9.87","10/8/2013 10:59:48 AM","7D2E1E3EFC4A39D9A6FB916951C64D4F"
"C:\Data\sysint\ctrl2cap.exe","146.8","10/8/2013 10:59:48 AM","C100EA4F0C45C916C795860FD1EB74CC"
"C:\Data\sysint\ctrl2cap.nt4.sys","2.8","10/8/2013 10:59:48 AM","4F4A4117FAE1C8A5DEE6C89BC39902C2"
"C:\Data\sysint\ctrl2cap.nt5.sys","2.77","10/8/2013 10:59:48 AM","B6802359522385FF0F561C8CF2DE46F4"
"C:\Data\sysint\dbgview.chm","66.93","10/8/2013 10:59:48 AM","C7517AF60D377F3FEAAE84DBC279E0E9"
"C:\Data\sysint\Dbgview.exe","457.09","10/8/2013 10:59:48 AM","BAACA87FE5AC99E0F1442B54E03056F4"
"C:\Data\sysint\Desktops.exe","114.09","10/8/2013 10:59:48 AM","1B389656D41D458413FB9E09F42105F5"
"C:\Data\sysint\Disk2vhd.chm","39.73","10/8/2013 10:59:48 AM","4071D250EFC7F7614424EBA635C65BB3"
"C:\Data\sysint\disk2vhd.exe","1725.69","10/8/2013 10:59:48 AM","742D7D1AC55F805178027404365F083E"
"C:\Data\sysint\diskext.exe","85.38","10/8/2013 10:59:48 AM","C3D3A06D3AEE0F6CB2FBB26B97CB1483"
"C:\Data\sysint\Diskmon.exe","218.8","10/8/2013 10:59:48 AM","0942C078FE8941282372BB6B5D73E2C8"
"C:\Data\sysint\DISKMON.HLP","9.3","10/8/2013 10:59:48 AM","F5768E7AB96D77E06006E1B8858E5238"
"C:\Data\sysint\DiskView.exe","567.37","10/8/2013 10:59:48 AM","16CCD5F530A930D9A03E3E06A6E1EC1B"
"C:\Data\sysint\DMON.SYS","11.45","10/8/2013 10:59:48 AM","E2B37C19D129357266FD94DD1443D6C9"
"C:\Data\sysint\du.exe","218.19","10/8/2013 10:59:48 AM","96EF10196A343B237A21A06C66FE02C0"
"C:\Data\sysint\efsdump.exe","142.8","10/8/2013 10:59:48 AM","4CEF8412C762F4840349E5622A05A307"
"C:\Data\sysint\Eula.txt","6.84","10/8/2013 10:59:48 AM","D22FF2CC70FA2EEC94AAA6C6F49E6EB0"
"C:\Data\sysint\FindLinks.exe","100.8","10/8/2013 10:59:48 AM","22E730E83572055FE9ABEA2F32711BF0"
"C:\Data\sysint\handle.exe","452.09","10/8/2013 10:59:48 AM","C8AE5979CE001F5FF34AC1D105839C1C"
"C:\Data\sysint\hex2dec.exe","146.8","10/8/2013 10:59:49 AM","7CDC143C63324081739B6D8607E7523C"
"C:\Data\sysint\junction.exe","146.87","10/8/2013 10:59:49 AM","F1F23D4DF41C5DA5444C97781FF2CAB7"
"C:\Data\sysint\ldmdump.exe","150.8","10/8/2013 10:59:49 AM","202119E519DD179DE64AFD195F0DDA42"
"C:\Data\sysint\Listdlls.exe","508.3","10/8/2013 10:59:49 AM","5245F11D3664BB6C5956E58C83BB8C5F"
"C:\Data\sysint\livekd.exe","527.09","10/8/2013 10:59:49 AM","70683F0FA51ABA666D553BF2FC912417"
"C:\Data\sysint\LoadOrd.exe","150.8","10/8/2013 10:59:49 AM","C5FCD6981ECD9C78DCA0475C813D475A"
"C:\Data\sysint\logonsessions.exe","255.37","10/8/2013 10:59:49 AM","68767E20FD31D5348F5979C00AFE4F7F"
"C:\Data\sysint\movefile.exe","127.11","10/8/2013 10:59:49 AM","5789A1D0CF66DA36827A48F720181E16"
"C:\Data\sysint\ntfsinfo.exe","119.8","10/8/2013 10:59:49 AM","C8F3A485E66CBCD3731B22991C85002E"
"C:\Data\sysint\pagedfrg.exe","210.87","10/8/2013 10:59:49 AM","24898BA51CBAAD01A046541CC0A8D26F"
"C:\Data\sysint\pagedfrg.hlp","8.22","10/8/2013 10:59:49 AM","1F83A0D30804C23E84C23039B59C7C42"
"C:\Data\sysint\pendmoves.exe","127.59","10/8/2013 10:59:49 AM","CF357A32FAAAD2DAE62CAFFA0B6A3F33"
"C:\Data\sysint\pipelist.exe","146.8","10/8/2013 10:59:49 AM","1F338BDD92F08803A2AC7022A34D98FD"
"C:\Data\sysint\PORTMON.CNT","0.41","10/8/2013 10:59:49 AM","9CE4AEEC4F31E144D51F3367316D9459"
"C:\Data\sysint\portmon.exe","440.81","10/8/2013 10:59:49 AM","1276ACF39B37A99EA14E760870025584"
"C:\Data\sysint\PORTMON.HLP","42.41","10/8/2013 10:59:49 AM","D790A889CBF0AA672376994794FF2D9A"
"C:\Data\sysint\procdump.exe","467.19","10/8/2013 10:59:49 AM","F5E098D53CAF76F39669E44A1BF478B6"
"C:\Data\sysint\procexp.chm","70.46","10/8/2013 10:59:49 AM","475AE5061422FF073557D61FCEA2B713"
"C:\Data\sysint\procexp.exe","2733.69","10/8/2013 10:59:49 AM","08454A5469CDF1FFA8B090C61318747E"
"C:\Data\sysint\procmon.chm","62.09","10/8/2013 10:59:49 AM","713906DE48013C249228D5FF19E333EB"
"C:\Data\sysint\Procmon.exe","2430.69","10/8/2013 10:59:49 AM","3E771376F492D586F7131DE418B0F2C8"
"C:\Data\sysint\PsExec.exe","372.87","10/8/2013 10:59:49 AM","AEEE996FD3484F28E5CD85FE26B6BDCD"
"C:\Data\sysint\psfile.exe","102.8","10/8/2013 10:59:49 AM","CB623488009F084EC53CB62E45CBCF72"
"C:\Data\sysint\PsGetsid.exe","325.37","10/8/2013 10:59:49 AM","77A97D664051207868E452E0AAA2814F"
"C:\Data\sysint\PsInfo.exe","381.37","10/8/2013 10:59:49 AM","53E433146F2060B01E80128652D63C36"
"C:\Data\sysint\pskill.exe","457.61","10/8/2013 10:59:49 AM","B5891462C9CA5BDDFE63D3BAE3C14E0B"
"C:\Data\sysint\pslist.exe","226.79","10/8/2013 10:59:49 AM","AD06AA36E330434560593590330222E6"
"C:\Data\sysint\PsLoggedon.exe","178.87","10/8/2013 10:59:49 AM","08DADAC8C7A951CBEC90C10026BA74B3"
"C:\Data\sysint\psloglist.exe","173.87","10/8/2013 10:59:49 AM","328BA584BD06C3083E3A66CB47779EAC"
"C:\Data\sysint\pspasswd.exe","167.59","10/8/2013 10:59:49 AM","4B4FE73480C883BFD8A0432DD6AC0F1E"
"C:\Data\sysint\psping.exe","163.13","10/8/2013 10:59:49 AM","DCE4801C688E0567C025AE57785FF66F"
"C:\Data\sysint\PsService.exe","165.87","10/8/2013 10:59:49 AM","957F4B5AA7CA2A7AE86F2665712ADE2E"
"C:\Data\sysint\psshutdown.exe","202.8","10/8/2013 10:59:49 AM","6AA0305AF2C055AC6C94B5D24F6CEC35"
"C:\Data\sysint\pssuspend.exe","182.8","10/8/2013 10:59:49 AM","99704950CD6DF2534F54C6514B46AF5A"
"C:\Data\sysint\Pstools.chm","65.02","10/8/2013 10:59:49 AM","009AC2BE60F92DC2C41B094CE2D3857C"
"C:\Data\sysint\psversion.txt","0.04","10/8/2013 10:59:49 AM","2149051BDB4C98E4BF0EDC7185104E07"
"C:\Data\sysint\RAMMap.exe","547.69","10/8/2013 10:59:49 AM","A05B863C503811262509CCBE0846F092"
"C:\Data\sysint\readme.txt","7.72","10/8/2013 10:59:49 AM","81000E8B26992B0B590B491A1BBAABBC"
"C:\Data\sysint\RegDelNull.exe","158.8","10/8/2013 10:59:49 AM","9538AD0B64F6B80EDEBED22314272054"
"C:\Data\sysint\regjump.exe","146.8","10/8/2013 10:59:49 AM","781D276DC4EC4523CEAB73D554FC9777"
"C:\Data\sysint\RootkitRevealer.chm","99.77","10/8/2013 10:59:49 AM","F0F3E20B031C0C87586B8DA9020195E8"
"C:\Data\sysint\RootkitRevealer.exe","326.88","10/8/2013 10:59:49 AM","EE738FE9BCDD605821002CEC8C7206DB"
"C:\Data\sysint\ru.exe","147.19","10/8/2013 10:59:50 AM","1389548F9D297B965FFF3C3EC1A97C9A"
"C:\Data\sysint\sdelete.exe","152.09","10/8/2013 10:59:49 AM","E189B5CE11618BB7880E9B09D53A588F"
"C:\Data\sysint\ShareEnum.exe","254.86","10/8/2013 10:59:49 AM","03CA4E59B10AFF8F2257DCFAF13CD309"
"C:\Data\sysint\ShellRunas.exe","101.04","10/8/2013 10:59:49 AM","6C7C5345ED337ED6B04E322A1DE6DA40"
"C:\Data\sysint\sigcheck.exe","230.19","10/8/2013 10:59:49 AM","4E3938B743016AB71CED77F1ADA26367"
"C:\Data\sysint\streams.exe","85.38","10/8/2013 10:59:49 AM","9C2318174AFD1535B1F33AFE3D34A255"
"C:\Data\sysint\strings.exe","88.19","10/8/2013 10:59:49 AM","9688809718A789372CDEF58C0DCF1E73"
"C:\Data\sysint\sync.exe","146.8","10/8/2013 10:59:49 AM","88C710CE9D39CD2B07F764DA84CB5F1F"
"C:\Data\sysint\Tcpvcon.exe","194.87","10/8/2013 10:59:49 AM","0D9540F8ED3EC25CF65B21454BD72123"
"C:\Data\sysint\tcpview.chm","40.11","10/8/2013 10:59:49 AM","7C7391C141855714934040205BA6DF3B"
"C:\Data\sysint\Tcpview.exe","293.78","10/8/2013 10:59:49 AM","9AA5A93712C584ACDCAA7EEF9D25EF4D"
"C:\Data\sysint\TCPVIEW.HLP","7.8","10/8/2013 10:59:49 AM","C183C33BFFE69A1B69C8CD23F736AC21"
"C:\Data\sysint\Vmmap.chm","50.53","10/8/2013 10:59:49 AM","46B38747311387E640B4322F6C03137C"
"C:\Data\sysint\vmmap.exe","1031.63","10/8/2013 10:59:49 AM","7DB44248B8FD94887D274F31A89BFEE6"
"C:\Data\sysint\Volumeid.exe","150.8","10/8/2013 10:59:49 AM","0D1E78E6077BECDA50298DFB8D0AD439"
"C:\Data\sysint\whois.exe","141.59","10/8/2013 10:59:49 AM","6709CD2E10B658170309A7A171C9F678"
"C:\Data\sysint\Winobj.exe","712.37","10/8/2013 10:59:49 AM","FEF8118EDF7918D3C795D6EF03800519"
"C:\Data\sysint\WINOBJ.HLP","7.47","10/8/2013 10:59:49 AM","52C9916A910087F024F6B34A445CD529"
"C:\Data\sysint\ZoomIt.exe","582.19","10/8/2013 10:59:49 AM","5DCE776587B94996789F81CA11867ED7"
"C:\docs\A365 Consultancy Documentation.zip","23084.92","1/17/2014 8:42:00 AM","FBD00DABC9FB8F72695B121710F24EA3"
"C:\docs\A365\AAM Citrix Work Schedule.xlsx","24.84","1/17/2014 12:43:02 PM","80D4EC659E1D302D019C565030B402BE"
"C:\docs\A365\AAM Existing Config Doc.docx","114.06","1/17/2014 12:45:02 PM","D440E617C9B32BDD7800C4756672A29A"
"C:\docs\A365\AAM Presentation Server 4 Existing Config.docx","195.45","1/17/2014 12:41:58 PM","4FD3221FF521C6604FB34C1D007AED1C"
"C:\docs\A365\AAM XenApp 5 Existing Config.docx","231.19","1/17/2014 12:39:06 PM","8CEB26876472F4B2FEF4EC951685A181"
"C:\docs\A365\AAM XenApp 6 Existing Config.docx","168.73","1/17/2014 12:39:22 PM","EDAC64F372DA2EE776EEC99772C99FC8"
"C:\docs\A365\Advanced 365 SOW Citrix Role.doc","107","1/17/2014 12:45:08 PM","4571612775C69705CD4429E5DC6DDD02"
"C:\docs\A365\Application Information - XenApp 5.xlsx","48.31","1/17/2014 12:43:52 PM","1328E7DC750FE3BDF53CFBB6EB7B0EC8"
"C:\docs\A365\Application Information - XenApp 6.xlsx","33.24","1/17/2014 12:43:30 PM","3D0D426C0AFB1BC284F732FBA559A113"
"C:\docs\A365\Citrix Presentation Server 4.0 Diagram v1.0.vsd","663.5","1/17/2014 12:45:24 PM","32D54D6A345640B520BA3CD3E29FC209"
"C:\docs\A365\Citrix schedule - Condecco.xlsx","22.49","1/17/2014 12:43:14 PM","202D97C873AA4E0EC3224FEFCB7B1E11"
"C:\docs\A365\Citrix schedule - Java7.4.xlsx","24.98","1/17/2014 12:42:50 PM","1EFCF6315A6532F24F36DC45160CB14F"
"C:\docs\A365\Citrix XenApp 5.0 Diagram v3.0.vsd","1272.5","1/17/2014 12:44:18 PM","540B113CD8C1D96D969871F0BCE208E9"
"C:\docs\A365\Citrix XenApp 6.0 Diagram v2.0.vsd","712.5","1/17/2014 12:45:16 PM","F3E589FE32C128626059BE0452420873"
"C:\docs\A365\Server Information - XenApp 5.xlsx","23.92","1/17/2014 12:44:10 PM","0BF8E28D54398D455A45933435C978D6"
"C:\docs\A365\Server Information - XenApp 6.xlsx","19.25","1/17/2014 12:43:40 PM","AE6A346AA07DF615E138EB33B3BE2BC0"
"C:\docs\A365\Server Information.xlsx","33.23","1/17/2014 12:44:46 PM","DF6BF058171C45704B331F6F87D65F12"
"C:\docs\A365\XenApp 5 Application Information - Citrix Report.xlsx","34.39","1/17/2014 12:44:26 PM","49CFEC1AF8FBA6492CA7D6F133F021D4"
"C:\docs\A365\AD\AAM Active Directory Health Check v1-0.doc","3370","1/17/2014 12:54:02 PM","755FDEDE4F06EBDEE11CDCEA8CD06CFF"
"C:\docs\A365\AD\AAM DHCP Review.docx","82.05","1/17/2014 12:51:02 PM","61A5F9B9EBDCDC5FF147094AD4793B1D"
"C:\docs\A365\AD\AAM Group Policy Guidelines.docx","116.6","1/17/2014 12:53:02 PM","97FAF299DAAF08A9B32ECF8FC8F27CE3"
"C:\docs\A365\AD\AAM High Level Architecture Document.dotx","87.12","1/17/2014 12:48:48 PM","80867D2C2045B8317599D604E2A897C2"
"C:\docs\A365\AD\AAM Naming Standards.docx","98.11","1/17/2014 12:51:14 PM","1F46A0D0EA54E099D2CFC23FE9455543"
"C:\docs\A365\AD\Active Directory Remediation Plan.docx","498.2","1/17/2014 12:48:38 PM","67C96969C74763BD70D9832889D962EF"
"C:\docs\A365\AD\Active Directory Replication Remediation.docx","75.92","1/17/2014 12:48:18 PM","6900B4DEEA4E475B837BBE1256E53D23"
"C:\docs\A365\Build\AAM Hardened Build.docx","6185.32","1/17/2014 12:50:46 PM","8858C4B68B1C92CCDC1375E2AD30F3C8"
"C:\docs\A365\Build\AAM Hardened Build_Reviewed.docx","6187.11","1/17/2014 12:48:28 PM","CF9F858160F254CEAAA93EAB8836CAC5"
"C:\docs\A365\DR\AAM Messaging Infrastructure Disaster Recovery.docx","76.3","1/17/2014 12:52:08 PM","DED23D60C448184F9CEEBE7C8F0C2442"
"C:\docs\A365\DR\Blackberry Enterprise 5 DR procedure.docx","232.8","1/17/2014 12:51:54 PM","FE39DC2A58CA482B906330398A1CF5A5"
"C:\docs\A365\DR\Exchange 2010 DR procedure.docx","155.16","1/17/2014 12:51:38 PM","A69D85EA03402E7AC4C6328E226F4753"
"C:\docs\A365\DR\Good Technologies DR procedure.docx","394.17","1/17/2014 12:51:28 PM","56CAEA84A547714179A9A6875B37F1C1"
"C:\docs\A365\DR\Lync 2010 DR procedure.docx","416.83","1/17/2014 12:51:44 PM","B181E5F93FD8F58CEF081881FD273119"
"C:\docs\A365\DR\PBS2_AAM_Exchange_2010_Test_Plan_V1 02.docx","452.03","1/17/2014 12:52:16 PM","11FBF11B8EC31BD111A0029079A364A7"
"C:\docs\A365\DR\PBS4 AAM Lync 2010 Test Plan v2-00.docx","427.83","1/17/2014 12:52:38 PM","8F293C6711B287FCEE288AF86872CDAC"
"C:\docs\A365\DR\PBS7 AAM Enterprise Vault Test Plan V1-01 20120530.docx","413.1","1/17/2014 12:52:26 PM","6D47677556786ED878DEC69274A373DD"
"C:\docs\A365\DR\SQL Mirror failover procedure.docx","174.11","1/17/2014 12:52:00 PM","95D6128B34B75F6FCEFA7651F1FB0199"
"C:\docs\A365\Exchange\Aberdeen Asset Management - Exchange 2010 Detailed Design V1.04.docx","2666.67","1/17/2014 12:54:20 PM","E7B1B7241E558C3BDA6EF84C7CF67585"
"C:\downloads\10747ac-administering-system-center-2012-configuration-manager.bdb2","95571.47","12/19/2013 3:50:57 PM","72A46E31B959BA7387436A46018579B0"
"C:\downloads\1756_Patch_TWP.docx","615.34","12/4/2013 5:08:23 PM","95F14938D96C6249A7715209DCF9E85B"
"C:\downloads\2-027.pptx","1499.48","11/4/2013 10:56:23 AM","F9AFD87FC7C446EEC3B4C0AA7026A24E"
"C:\downloads\2391-3223-1-PB.pdf","651.46","12/30/2013 9:41:54 AM","D3C53D2C360DC290108C5957C4A2D67E"
"C:\downloads\3204_Patch_Mgmt_TCS.docx","435.17","12/10/2013 11:52:32 AM","19FB3ABBA9CE899B91473755E7BE4E17"
"C:\downloads\424664_intl_i386_zip.exe","13457.4","12/5/2013 12:44:25 PM","A09EAACD491B6AEEEC0847FDE4C50C89"
"C:\downloads\43024.zip","44.91","1/27/2014 11:12:10 AM","3D920B1A31A557F8CA13FFDEFDC9F78F"
"C:\downloads\5287.ZipLogFileTest.zip","690.76","10/29/2013 3:26:28 PM","6B07626EE1D4ABCAF49D439D5ABDEF23"
"C:\downloads\7z920-x64.msi","1344.5","1/22/2014 3:47:34 PM","CAC92727C33BEC0A79965C61BBB1C82F"
"C:\downloads\7z920.exe","1084.45","1/22/2014 3:47:37 PM","B3FDF6E7B0AECD48CA7E4921773FB606"
"C:\downloads\93906022000.pdf","103.77","12/26/2013 1:45:20 PM","8D71C9FD46B87F36272DE3B21602ED5F"
"C:\downloads\9780735682986_files.zip","302.04","11/19/2013 8:28:06 AM","E4689F0D08F74E9EA087E975A9CD2EFE"
"C:\downloads\9781118026694_download.zip","3660.29","12/31/2013 11:11:34 AM","35CC1CA3A627A1E23CB970825479C61E"
"C:\downloads\9pc.tar.gz","14.92","1/15/2014 1:47:13 PM","9881B4761F57CC8442B62D678A490BEC"
"C:\downloads\Aberdeen Windows 7 Clients.MSI","4528","4/9/2013 12:00:55 PM","DF68FA80346D1234D53477491C2ABAC3"
"C:\downloads\Account Lockout.zip","1.28","12/26/2013 9:50:05 AM","87555F2894DBE9B45697FD6A8AEE3803"
"C:\downloads\ACT 5.6 Deployment Guide.zip","1344.66","1/24/2014 4:24:55 PM","FF0EAF17B73BEA474DF8787C0C390358"
"C:\downloads\ACT 5.6 ReadMe.zip","493.85","1/24/2014 4:24:55 PM","8014762530B39896084B1A355E6F3CB6"
"C:\downloads\ActiveSyncTester.exe","781.95","11/13/2013 11:34:47 AM","09FE7CF9335613C4C1B6E53FAD5B2299"
"C:\downloads\ACT_FAQ.zip","543.16","1/24/2014 4:24:55 PM","3A3F0D1C22830B0F3EC74869CE0F0109"
"C:\downloads\AD-Schema_Discover-1.0.ps1","40.8","12/3/2013 1:47:45 PM","0DB2C94750C0C7FEB899E4C03C173C08"
"C:\downloads\adcsv.pl","4.7","12/10/2004 12:09:20 AM","15CAC1AFBBB09047DE6E032D18A4A878"
"C:\downloads\addisonwesleythepracticeofsystemandnetworkadministration2ndeditionjul2007.pdf","6029.37","10/21/2013 2:48:21 PM","4FFB6544EDB933450A5416DB4823024D"
"C:\downloads\AdFind (1).zip","472.97","12/20/2013 4:11:49 PM","517B48D1D1AAC362BCABD9A355C21BF3"
"C:\downloads\AdFind.exe","1295","10/31/2012 9:50:40 PM","FF3DAD91B266FEE1EA107A2C9964349A"
"C:\downloads\AdFind.zip","472.97","10/16/2013 12:09:43 PM","517B48D1D1AAC362BCABD9A355C21BF3"
"C:\downloads\adhealth.doc","71.87","12/26/2013 5:25:43 PM","537215C8E15EE406396E7986A3557D06"
"C:\downloads\adksetup (1).exe","1401.28","12/18/2013 3:05:15 PM","62F056775FD56155DB51EBBB6111B999"
"C:\downloads\adksetup.exe","1190.58","10/28/2013 2:52:00 PM","EB1F89D8067863DCE5607727A1D15BFD"
"C:\downloads\AdMod.exe","1291.5","3/19/2012 7:48:42 PM","C64665B4D245DAB287317E28B7F6ECD5"
"C:\downloads\AdMod.zip","539.48","12/20/2013 4:11:42 PM","080007026E53F2D423CA585DADA08633"
"C:\downloads\AllCurrentScriptFiles.zip","725.5","1/8/2014 9:32:01 AM","E0CE4384A6C40BB276E4D37E8FAB6FDE"
"C:\downloads\api-monitor-v2r13-setup-x64.exe","7068.33","12/30/2013 10:34:54 AM","4A28E73E58EE1F56F342A5D8EB754D04"
"C:\downloads\appcrashview (1).zip","45.43","11/26/2013 11:56:25 AM","1FD0292021F450A05A925DFFFCDDD034"
"C:\downloads\appcrashview.zip","45.43","10/24/2013 3:50:22 PM","1FD0292021F450A05A925DFFFCDDD034"
"C:\downloads\ApplicationCompatibilityToolkitSetup.exe","12512.3","1/24/2014 4:25:24 PM","50AF5F196AB7C5E472672DFDDA346E58"
"C:\downloads\ARC334.ppt","2592","1/23/2014 4:38:12 PM","FC91F639EB321AF1144C87E46186A32B"
"C:\downloads\Associated_SCAP_Content_for_Apple_iOS_5.ZIP","28.68","11/5/2013 10:44:08 AM","B04B54242F10E5EDCF3D54C26E044D15"
"C:\downloads\atmcie.msi","16271","10/11/2013 9:40:49 AM","179B1DD5942E4A9B09CF2D31262CC084"
"C:\downloads\Audit-ADTrusts.ps1","12.45","12/3/2013 1:50:41 PM","11FA20F5DCF141AA348C458F602A11CD"
"C:\downloads\Autodefragment.zip","5.64","11/15/2013 1:00:48 PM","3B4B6AB50AFB65D403DD98293CBD4438"
"C:\downloads\Autoruns.psm1","3.13","1/28/2014 3:22:43 PM","DD5CE1C95F51A224CE00AFABEA625BC9"
"C:\downloads\autorunsc.exe","565.69","1/28/2014 3:19:45 PM","6677B6017E5D470CF99EF60D1802BCCC"
"C:\downloads\backdoor_description.pptx","1941.04","1/2/2014 11:44:42 AM","3DD634A852CFA221A64E2026BF858B13"
"C:\downloads\Better Unit Testing with Microsoft Fakes (RTM).pdf","2650.77","11/21/2013 2:01:55 PM","E60B229BEBA6181876635070F6988097"
"C:\downloads\CaptureBAT-Setup-2.0.0-5574.exe","448.76","1/28/2014 2:51:18 PM","C1894E46FFE89BE6CA35729D9DAB6145"
"C:\downloads\CarRental-PowershellSaturday.pdf","140.82","1/9/2014 9:38:44 AM","1C7B4708912982155F9652A4B770932E"
"C:\downloads\CDFPlayer_9.0.1_WIN.exe","197084.55","11/13/2013 3:23:24 PM","26A81BF6B75AA4861E18C8B0D5DBBB78"
"C:\downloads\cfd.xls","41.5","11/5/2013 9:17:44 AM","02F50B71C76FCCDF4A866131B3312783"
"C:\downloads\ch1.scm","14.17","1/30/2014 3:26:52 PM","DDB76535614DEFE8E622D1BC25B55E46"
"C:\downloads\CharlesRiverIMS.DMP","15138.38","12/12/2013 4:54:46 PM","3197580F283CEB5560D46765A28371C1"
"C:\downloads\CheckAllQueuesHTML.ps1","11.06","10/15/2013 9:21:12 AM","352D448A613C430464A7F97A8D91E78A"
"C:\downloads\chromeinstall-7u45.exe","893.91","12/13/2013 10:42:09 PM","15D87D5EAD5FA2C59640FD55A69C2370"
"C:\downloads\ChromeStandaloneSetup.exe","34986.15","10/25/2013 9:18:21 AM","CAB06A11DD04936BE43504015C0F77CE"
"C:\downloads\CimExplorerSetup.zip","106.89","12/13/2013 4:56:18 PM","C35C3BDB4C80AD2B24E480BD378CA9B4"
"C:\downloads\Citrix Diagnostics Download x64.msi","40484","12/11/2013 4:41:10 PM","5FC4E2875DFB45D63CF63B05943D80A0"
"C:\downloads\CitrixOnlinePluginWeb.exe","11333.36","10/1/2013 9:12:27 AM","F4AA8A73498387C63E543F62DAD63B5F"
"C:\downloads\Claims-based Identity Second Edition device (1).pdf","19784.88","11/25/2013 10:07:35 AM","5481E9BF3C544380D7C7BD7472CDE5ED"
"C:\downloads\Claims-based Identity Second Edition device.pdf","19784.88","11/21/2013 2:02:44 PM","5481E9BF3C544380D7C7BD7472CDE5ED"
"C:\downloads\Code of Ethics Policy - Oct 1, 2013 - Final.pdf","93.28","1/28/2014 6:52:34 AM","ADA33060FC0E1C7F5DE4AB189963B027"
"C:\downloads\Configure-PerformanceMonitor (1).ps1","692.6","11/4/2013 8:13:28 AM","91596FF7832A7545B1DA5806A889392A"
"C:\downloads\Configure-PerformanceMonitor.ps1","692.6","10/28/2013 11:54:09 AM","91596FF7832A7545B1DA5806A889392A"
"C:\downloads\ConnectAppPool_.zip","0.78","10/21/2013 2:29:42 PM","AD0F4D72B406F8AC177AACC75D6E4328"
"C:\downloads\copcont2.zip","0.9","11/20/2013 10:57:29 AM","872A731A4470E93AD3FBC658ED17129B"
"C:\downloads\Copy of Projects.xlsx","11.22","11/12/2013 4:55:59 PM","76C45EC1C9F447CBD50B44AFA995BC73"
"C:\downloads\crecntexamples.zip","3.98","11/20/2013 1:16:10 PM","B5AF5C982D20FBBC3E29F9A9B8014BB1"
"C:\downloads\CR_App_Controller_in_System_Center_2012_SP1.pdf","1348.62","11/21/2013 2:01:29 PM","FBB7E54A4B598F0683E6D8BCA42A756C"
"C:\downloads\DellMSS.csv","2.89","11/13/2013 9:30:51 AM","B94A19BB3A306D9B6E4E77E2D5817A61"
"C:\downloads\depends22_x86.zip","596.45","11/8/2013 3:14:29 PM","675CA981DDF557EB7D4550624157DBE5"
"C:\downloads\Deployment-guide-for-SharePoint-2013.pdf","9127.32","11/21/2013 2:01:32 PM","37AD86654D7756E83C8AA0F072946FA5"
"C:\downloads\DetoursExpress30.msi","604","12/13/2013 12:50:53 PM","DCB5E1AA9FB3EF75F71E3CFE7CAC026F"
"C:\downloads\dnsexport.csv","1.64","11/25/2013 3:04:57 PM","7BAF1C23CC5BAAB1A1659BD504A6CB2B"
"C:\downloads\DnsShell.zip","59.97","11/25/2013 3:20:15 PM","ABEC85E3EDF06742D6C5886BFF8F9F94"
"C:\downloads\documents-export-2013-11-08.zip","33960.16","11/8/2013 9:53:16 AM","16CAE3C242751161205EB4B853EF6B5D"
"C:\downloads\download","3.49","11/15/2013 3:20:10 PM","4E072083FB201738AD19FB34FA549000"
"C:\downloads\Draw-ADSecurityGroupNesting (1).zip","8.39","12/13/2013 10:15:54 PM","028CFEB7E5775A579B3915C4E01B8344"
"C:\downloads\Draw-ADSecurityGroupNesting.zip","8.39","12/10/2013 2:25:16 PM","028CFEB7E5775A579B3915C4E01B8344"
"C:\downloads\DTM.exe","3499.73","1/21/2014 3:27:17 PM","5F98E0B083EBB4348AE8A360158E844E"
"C:\downloads\DWMRC9x_64.exe","1291.59","4/9/2013 6:40:13 AM","1C0FBB0897068902B0CA80D0860D3D0E"
"C:\downloads\DWMRC9x_64.msi","52310.5","4/9/2013 6:40:10 AM","EB07CCB13CB4E9B81CC5B35ABA842C21"
"C:\downloads\E2010Calc20.8.xlsm","549.93","10/28/2013 11:06:39 AM","CEBFE8E9BE0BEC1294BB1E693B71EE83"
"C:\downloads\E2K7_IndexRebuildAnalyzer (1).ps1","18.96","11/6/2013 12:35:09 PM","621A06AD60DE70ED95BD74D4ED20D481"
"C:\downloads\E2K7_IndexRebuildAnalyzer.ps1","18.96","10/28/2013 10:45:01 AM","621A06AD60DE70ED95BD74D4ED20D481"
"C:\downloads\EditXML.txt","11.89","12/13/2013 12:30:20 PM","D2B93473920D16C2E4EF8F41E510F726"
"C:\downloads\Eloqua 10 Emails.pdf","1770.22","11/15/2013 8:57:10 AM","23C7733EEF76719109DCD29E990A7EC2"
"C:\downloads\EMTshooter.zip","24","10/15/2013 3:57:15 PM","ED94D511846B2EC021E3E7B7368B9C54"
"C:\downloads\Enterprise_Agreement_True-up_Guide.pdf","634.71","1/7/2014 12:16:37 PM","8A7D66433954C2BB044E70BD86768862"
"C:\downloads\EnumSqlServer.ps1","16.41","1/23/2014 9:12:37 AM","9688BE7D93AD6C5159E4D0EE0FF393B4"
"C:\downloads\ESXi-Customizer-v2.7.1.exe","2897.05","12/9/2013 3:55:44 PM","1381F2DBB8F8E73A15225330F58EE9B8"
"C:\downloads\Eval Getting Started Svr.pdf","391.88","11/19/2013 3:07:32 PM","75F1BB348540CE58BE91C733E44BF35A"
"C:\downloads\event-327761 (1).zip","519.58","1/25/2014 5:20:22 PM","5FE0F1F9A0BB402C465ED023BD0BD084"
"C:\downloads\event-327761.zip","519.58","1/25/2014 4:57:56 PM","5FE0F1F9A0BB402C465ED023BD0BD084"
"C:\downloads\event-848393.zip","519.05","1/7/2014 6:48:17 AM","6A647F58C8CB6F5FD60732935B9960F8"
"C:\downloads\EV_9.0.3_Hotfix_Etrack_2875194_Cumulative.zip","3681.35","10/29/2013 1:49:58 PM","7CF1F8928475BD9D08F34409E7F725D9"
"C:\downloads\EwsManagedApi (1).msi","836","11/20/2013 10:40:47 AM","E8EE3884A797A104650F80A35525768B"
"C:\downloads\EwsManagedApi.msi","1004","11/20/2013 10:13:30 AM","3C9A1736CDBED5177CA8C29A3F5C1D10"
"C:\downloads\Exchange 2010 Poster.pdf","6103.54","1/3/2014 11:21:57 AM","13C69882E8CC4F3029DC38F8E65ED132"
"C:\downloads\Exchange Processor Query Tool - v1.1.xlsm","51.94","10/28/2013 2:58:13 PM","BFBF0C655337B9E3B8957C6A5BD7E8DC"
"C:\downloads\Exchange Server 2003 to Exchange Server 2010 Active Directory Schema Changes Reference.doc","1261","1/18/2014 2:58:49 AM","54E949FC2EFF3A5A1BA34C5CC750AC92"
"C:\downloads\EXL307.pptx","5001.59","1/28/2014 4:07:19 PM","FFC9AB20ACD29B603B3279F077AAEB6D"
"C:\downloads\ExMon.msi","1920","10/11/2013 5:18:50 PM","2DD785BA4C5557A4A99120B64F3FA36D"
"C:\downloads\expACCache (1).zip","2.37","11/20/2013 11:52:51 AM","9803E63B1AB38163BCC48092A4B27B8F"
"C:\downloads\expACCache.zip","2.37","11/20/2013 10:59:33 AM","9803E63B1AB38163BCC48092A4B27B8F"
"C:\downloads\ExPerfwiz (1).zip","18.45","10/30/2013 11:07:01 AM","281FFCE9540B467169CED4EA830DEBD4"
"C:\downloads\ExPerfwiz.zip","18.45","10/22/2013 3:31:21 PM","281FFCE9540B467169CED4EA830DEBD4"
"C:\downloads\EXRAPScoping.zip","541.96","10/28/2013 4:19:23 PM","972B943881B06F72FD7FE273081187BC"
"C:\downloads\fiddler4setup.exe","785.58","1/2/2014 8:12:04 AM","724C3F2E3A14E1F3AAC920C4628CD515"
"C:\downloads\FileSystemWatcher.ps1","4.59","1/6/2014 2:11:13 PM","663E9D84431A5EB6F2B3212B52787B19"
"C:\downloads\Fix-MailboxFolders.ps1","23.99","11/20/2013 11:39:31 AM","FEA54CE58D7ABE6380CFCE7C3844F1EC"
"C:\downloads\Form ETA9089 Filed 09252013.PDF","972.26","1/31/2014 3:25:50 PM","24076DDE1A64682267213DC675AFB796"
"C:\downloads\FOYER.ics","2.65","12/26/2013 2:05:48 PM","41D571F78AC065F2170413FB4122984B"
"C:\downloads\frsdiag.msi","394","12/26/2013 9:40:33 AM","9F4A9E690FA221904D47A880960E097D"
"C:\downloads\FSharp-Intro-v1.ppt","2164.5","12/26/2013 10:52:16 AM","26F54A6212B570B8DAB715C0D0637F80"
"C:\downloads\GenuineCheck.exe","1492.37","1/8/2014 12:40:25 PM","C191C746CD975CE2DD5F8B5E009F8385"
"C:\downloads\Get-ADAuditAccess.ps1","7.43","12/26/2013 9:54:23 AM","298093F98D9C9391E10C593D89A1324C"
"C:\downloads\Get-ADNestedGroupMembers.ps1","5.53","12/10/2013 3:40:26 PM","1F2D56AA70E38A7796231406AB484B88"
"C:\downloads\Get-ADSchemaReport.ps1","12.14","1/25/2014 9:15:56 AM","E0DF476557B1C297D3664DCC7A197FFF"
"C:\downloads\get-exlogs.ps1","4.02","11/13/2013 12:59:45 PM","2C7AB35E11DEF1C4F136C60116CDB420"
"C:\downloads\Get-IPAddress.ps1","4.3","11/22/2013 4:01:46 PM","E37D7C6DCB795413E51B673D7B8F3F10"
"C:\downloads\Get-IPrange.ps1","1.62","1/7/2014 6:54:28 AM","CD9856AC231C9D2C4372A15708465F31"
"C:\downloads\Get-LoggedOnUser.ps1","2.77","12/2/2013 9:51:29 AM","6E6E891C4A6892E0F45C98EEBDA93D50"
"C:\downloads\Get-MailboxPermissionsForGroupMembers.zip","1.07","12/10/2013 3:24:50 PM","FED36B489269335BACA96561EE44785E"
"C:\downloads\Get-NetworkStatistics.ps1","16","12/2/2013 1:21:36 PM","83C006DE978D0CFD37C25A480055B9D0"
"C:\downloads\Get-Pairs.ps1","1.79","1/23/2014 12:16:45 PM","9C6990B2B28F81E025125E14EFC2DDC4"
"C:\downloads\Get-Pairs2.ps1","16.57","1/25/2014 5:46:20 PM","125C89171F44C80DD83C81F5B370A79E"
"C:\downloads\Get-Pair_Output_20140125_170436.csv","0.15","1/25/2014 5:04:36 PM","3D4C7477FC0730C3293CE5BED11B9A11"
"C:\downloads\Get-Pair_Output_20140125_170441.csv","0.15","1/25/2014 5:04:41 PM","D7A52F19DE07C08A04E38ACBCD6EF74E"
"C:\downloads\Get-RemoteRolesAndFeatures.ps1","26.95","12/30/2013 2:17:02 PM","F4771597F9A183583931C7C21734C4A0"
"C:\downloads\Get-SecWindowsArtifacts.zip","2.93","1/25/2014 5:28:10 PM","82D02FEB39114618EB605B4A4AE18E78"
"C:\downloads\Get-ServiceDependencyDiagram.ps1","22.17","10/11/2013 4:09:11 PM","1327C266BF576CF2198C73707B40B547"
"C:\downloads\Get-Stat2.ps1","7.37","12/12/2013 2:08:15 PM","F6279FAA9550463816960C2C4C29CE45"
"C:\downloads\Get-StringPermutation.ps1","3.54","1/23/2014 1:31:14 PM","7D3E506C984004F72BE1BECC66875ADC"
"C:\downloads\getInfo-SqlServer.zip","1.12","1/24/2014 10:13:47 AM","C7CE6D44B470481EF339E85A1CCCB55B"
"C:\downloads\GitHubSetup.exe","698.59","10/10/2013 10:24:29 AM","169A54E8B06A810E8AFC4B02706B96FB"
"C:\downloads\GLEE.msi","1958","12/16/2013 3:56:36 PM","2056E09C89631EF6ACE58FD24027021E"
"C:\downloads\GoogleVoiceAndVideoSetup.exe","799.96","1/25/2014 11:23:46 AM","CEE3A987AE2BB602EC18DEBD82AE1523"
"C:\downloads\GPHealthReporter1.8.zip","3820.45","12/13/2013 7:33:34 PM","655274614C7B7A15507584F70294E15F"
"C:\downloads\GPMCCmdlet1.5Setup.zip","1462.18","12/13/2013 7:33:40 PM","D184BB4F19DA0743C3317313C47BED98"
"C:\downloads\gpodenyfinder.zip","199.78","12/13/2013 7:33:35 PM","DB69915AED6F0434A975B41135007464"
"C:\downloads\GPWmiFilter.psm1","15.45","12/13/2013 4:56:25 PM","9BA73AC6233C9298B6B7CE1B04B9087E"
"C:\downloads\graphviz-2.34 (1).msi","33562","12/10/2013 12:53:34 PM","2B1347CDE65428BEAF226C7ED8E33C69"
"C:\downloads\graphviz-2.34.msi","33562","10/16/2013 4:48:50 PM","2B1347CDE65428BEAF226C7ED8E33C69"
"C:\downloads\Group_Tech_Ops.xlsx","69.52","11/5/2013 1:52:10 PM","E607AC6D2D672B9A5C43C901ADB5FA2B"
"C:\downloads\h264mdm.sdp","0.04","10/31/2013 2:20:18 PM","F33936624414F81E8305EB384A59D2D0"
"C:\downloads\health-based-load-balancing-scenario.pptx","336.61","1/28/2014 4:06:36 PM","9ED2AA56D0578554584038AB7437BF89"
"C:\downloads\How to get sql server version on multiple instances using Power shell.doc","26.5","1/24/2014 10:43:55 AM","C8B45405D74C5A8208BE7A6EFD488C08"
"C:\downloads\ICA File.zip","0.34","10/17/2013 10:09:58 AM","B54EF2BA605EC967642071AF36C35C6B"
"C:\downloads\IE10-Windows6.1-x64-en-us.exe","43296.02","10/25/2013 10:14:43 AM","7CA1F1F4AB4E9599E2FA79D2684562DA"
"C:\downloads\ILSpy_Master_2.1.0.1603_RTW_Binaries.zip","1788.18","11/4/2013 11:09:42 AM","D5DF04A4FB22FE2C0A2F4C5DB540164F"
"C:\downloads\Immidio App-V 5 VE Launcher.zip","6.14","11/14/2013 4:52:59 PM","642B44DE88B6749C40FEE3896E23F727"
"C:\downloads\Import-MailboxContacts.zip","4.14","11/20/2013 10:18:43 AM","E283CF629413126BFDA5DA1BB6440094"
"C:\downloads\Internet Information Services.zip","1497.89","1/24/2014 2:56:59 PM","4AB0B34FB8755E522D66364ED55293B2"
"C:\downloads\Introduction_to_Opalis_and_sneakpeek_at_Orchestrator.pptx","1689.33","11/19/2013 9:31:08 AM","92ABCB55155DF929719B263D16CADBA7"
"C:\downloads\Invoke-PSEXEC.ps1","2.37","11/26/2013 9:26:28 AM","A973C59FB10601F1AD046F85F3681F37"
"C:\downloads\ipd - all.zip","71592.93","10/28/2013 4:37:56 PM","89D126D78035D21ACA237A922214F305"
"C:\downloads\journalingmsgs.png","83.46","10/15/2013 9:33:29 AM","6327E0D3AC28864BEE28C40D626BCF00"
"C:\downloads\journalmsg.txt","4.45","10/15/2013 9:27:55 AM","B0CCDAFF71FF4314AF43CE73DD994CC0"
"C:\downloads\jre-7u45-windows-i586.exe","28359.91","11/8/2013 4:38:13 PM","AC924370C3A3EF6FCFEB4156356EB482"
"C:\downloads\jre-7u45-windows-x64.exe","29975.41","12/13/2013 10:42:34 PM","416F3C6C242AB491202B4DD5E1B5FFB0"
"C:\downloads\Key OS Performance Metrics_v7.xps","488.14","12/13/2013 12:31:08 PM","582CE53A63977D32D4333563F4120826"
"C:\downloads\launch.rtc","0.67","11/13/2013 8:52:23 AM","FBD390032D1F58C53E2DE0915AB5B2F5"
"C:\downloads\LifeCam3.22(1).exe","28853.86","10/18/2013 7:12:30 AM","6600CF681996A880946DF3C0709FFC48"
"C:\downloads\LightTableWin.zip","41620.33","11/18/2013 1:16:12 PM","D9349DD1690FF1D56461B39700653B5D"
"C:\downloads\LiveKD.zip","255.58","10/30/2013 1:12:38 PM","ACBED706EC9DDF39347D3124198894FB"
"C:\downloads\LMSetup.exe","16874.55","11/12/2013 1:58:06 PM","4D0F04240C92DE5687D114557EEE1BDF"
"C:\downloads\Log-EphemeralPortStats.txt","12.54","12/13/2013 12:30:10 PM","C8E996437CB43594068A445A48B85EDE"
"C:\downloads\LogAnalyser6v4.zip","119.05","12/2/2013 11:18:35 AM","EF39481E946E07338AC0B28CD97B91D5"
"C:\downloads\LogFileInPS.PS1.txt","2.39","11/18/2013 2:05:11 PM","0E4F4951B669B457E38B6456B49CAD90"
"C:\downloads\loglogic-lasso-enterprise-2.1.2-windows-x86.msi","4961.5","10/31/2013 3:37:00 PM","6D17B187A22C45FE810FEBE02AFEEA65"
"C:\downloads\loglogic-lasso-enterprise-2.1.2-windows-x86_64.msi","4996","10/31/2013 3:43:16 PM","FB55E399387951229305470FD5C2E487"
"C:\downloads\Lync Health Check Tasks - V1.rar","464.18","1/2/2014 3:36:15 PM","7D2120013A6D207C4C9B5B57B120B0F7"
"C:\downloads\LyncSdkSetup.exe","17029.77","10/31/2013 2:43:01 PM","F8FA157E060CCF30A2ADA0034DC67614"
"C:\downloads\managediphelperanddemo.zip","7.33","12/2/2013 2:53:47 PM","952D32F8442AFF2EA8FE49A485830E68"
"C:\downloads\Mandiant_IOC_Editor.zip","1771.81","1/28/2014 3:05:55 PM","40075157B7A65BBA45122CED2FF33AAE"
"C:\downloads\MAPSetup.exe","73137.51","1/13/2014 3:12:43 PM","2DFE19380115CD74CCF66F73D875A9F6"
"C:\downloads\MDC-B302.pptx","760.53","11/18/2013 9:42:55 AM","1F96FA1F225C21F3FEF07122C7CD7A86"
"C:\downloads\MDOP-SCDEM.pdf","162.81","12/30/2013 10:39:01 AM","D6259CEC3D8C277166BE7381DC296651"
"C:\downloads\MessageOps-Exchange-Module.zip","388.48","11/20/2013 11:44:28 AM","3670DD87BAF0C9A42A17479D8488B7D2"
"C:\downloads\MetaProgramming.zip","3.16","1/24/2014 1:23:48 PM","66705F8B425AD8166EAF931B9A95E2D3"
"C:\downloads\MicrosoftFixit50752.msi","1044.5","12/5/2013 11:06:38 AM","2D6D742441FE57FDA5E52FA96ABB21CC"
"C:\downloads\Microsoft_Press_ebook_Introducing_Windows_Server_2012_PDF.pdf","18178.1","11/21/2013 2:02:42 PM","8FC749367231AA878D9A413C9D82A470"
"C:\downloads\migrate vcenter folders and permissions.ps1","7.78","12/3/2013 12:50:52 PM","F2516A5475E104112E771FB96AB9AD60"
"C:\downloads\MinXperfX64_WS2008R2.zip","261.05","12/13/2013 12:30:45 PM","D647FDA07DCA7ABB431811A00321DA33"
"C:\downloads\MinXperfX86_WS2008.zip","219.18","12/13/2013 12:30:55 PM","B53296CE434CBB29D24AF13557566868"
"C:\downloads\MKAD.tar.gz","1844.57","11/14/2013 2:16:24 PM","F82E489024D347B1DF6C730C1B5B22FA"
"C:\downloads\MKAD_Data.tar.gz","27015.6","11/14/2013 2:18:04 PM","0C1366D970218BC97C37A6C837F00008"
"C:\downloads\MSChart.exe","1808.5","10/28/2013 11:13:34 AM","E7605DF8E1A6EF547C2F77A304DE8848"
"C:\downloads\names.txt","0.1","1/23/2014 12:16:54 PM","9E884F79E0C2397E27D5B46CFF9CE76C"
"C:\downloads\NDP451-KB2858728-x86-x64-AllOS-ENU.exe","68444.44","12/11/2013 4:05:03 PM","607D3C9B399E3D303A1B14EB4326BD1E"
"C:\downloads\netcmdlets-setup.exe","2287.08","11/15/2013 4:53:37 PM","ABFCA4574E20F74F75F7AF74372F3A45"
"C:\downloads\NetShell.zip","12.26","1/7/2014 8:18:27 AM","E93C9821B91D8164B31E14932EE2D992"
"C:\downloads\ngrep-1.45-win32-bin.zip","106.21","10/21/2013 11:57:07 AM","1F0E7C2A66AF01E0237A7AE1F01E29F6"
"C:\downloads\ngrep.exe","80","10/21/2013 11:57:14 AM","D1010F5D500A2A79F66DBDA1EF9B4E22"
"C:\downloads\NM34_x64.exe","6677.3","1/21/2014 4:28:13 PM","34ADE8B19B3CA38DB005CC938BBD1326"
"C:\downloads\nmap-6.40-win32.zip","19397.9","1/29/2014 3:25:02 PM","B4EB0F113C4C816A4EB90EF78A3B3869"
"C:\downloads\NotifyServerOwnerAboutScheduledReboot%26PatchList.ps1","25.42","12/2/2013 9:53:59 AM","8624E35807495C9004C5AB1205728EB3"
"C:\downloads\nu-anomica.zip","555967.8","11/14/2013 2:44:08 PM","CE7507B68C2811A65C12CCA6F0394EB2"
"C:\downloads\oboedit_2_3_windows_install4j.exe","44926","12/13/2013 10:41:02 PM","D111FF868C8A6D92B5438BEA7A7B2C03"
"C:\downloads\operations (1).xls","6.95","11/15/2013 3:18:59 PM","1D001D0A2DB3EA3B9733B33A0D003E20"
"C:\downloads\Operations (1).xlsx","10","11/8/2013 8:27:41 AM","7F9FE96F697F36A3B24BE57A5C36D5B2"
"C:\downloads\operations (2).xls","6.95","11/15/2013 3:21:27 PM","1D001D0A2DB3EA3B9733B33A0D003E20"
"C:\downloads\Operations (2).xlsx","10","11/8/2013 8:27:41 AM","774F8A7F741EB0E20122B2546C578787"
"C:\downloads\operations.xls","4.67","11/8/2013 8:27:33 AM","8B27FF79D5C8E250AA086D836FCC2D0E"
"C:\downloads\Operations.xlsx","10","11/8/2013 8:07:57 AM","C59B1CF5BEBB65E5A5098E67D637E7EF"
"C:\downloads\Operations_2013-11-15.html","25.2","11/15/2013 3:04:37 PM","50B22E8554CF452BA59F838668D280BB"
"C:\downloads\opstrello.csv","4.51","11/15/2013 3:32:31 PM","39F6D72B0669E1C6D12DD301FB7DBE8F"
"C:\downloads\opstrello.xlsx","11.47","11/15/2013 1:29:46 PM","4AA2A47E1215FFE588C052B9F6DCA64A"
"C:\downloads\orca-src-2004-7-27.tar.gz","756.27","11/14/2013 2:05:25 PM","22811F90E4A3676876790A6BE1A68BEE"
"C:\downloads\orca.tar.gz","3151.89","11/14/2013 2:05:24 PM","52F526C10DB3CA5A5711D92CDC09C4FE"
"C:\downloads\OutOfCommittedMemory.zip","14515.35","12/13/2013 12:31:22 PM","8FC57C5BD3A4BE5768DDFB626A03CB10"
"C:\downloads\OutOSCEXEvents.zip","218.47","11/13/2013 1:03:57 PM","DBA30D86542A3B67F888F0FEE58DE25E"
"C:\downloads\OU_Permission.ps1","0.13","11/14/2013 9:36:40 AM","A8B238EC98691A48268877B60CFB4399"
"C:\downloads\Pairs1_Output_20140125_170307.csv","0.15","1/25/2014 5:03:07 PM","88BF7A4FCF0EB04B7928882D36C9CAE2"
"C:\downloads\Pairs1_Output_20140125_170322.csv","0.15","1/25/2014 5:03:22 PM","000FF5274878C8A166352B0823976801"
"C:\downloads\pairs_output_20140123_121300.csv","0.2","1/23/2014 12:16:51 PM","85D6D96B2511EF557064FB3E76A2D559"
"C:\downloads\pairs_output_20140125_175229.csv","0","1/25/2014 5:53:17 PM","D41D8CD98F00B204E9800998ECF8427E"
"C:\downloads\pairs_output_20140125_175332.csv","0","1/25/2014 5:53:35 PM","D41D8CD98F00B204E9800998ECF8427E"
"C:\downloads\PalCollector.zip","468.46","10/28/2013 2:33:23 PM","CAD86AF35DCDAB74EB3CE56D807FA55C"
"C:\downloads\PAL_Setup_v2.4_x64 (1).zip","1136.16","12/13/2013 12:36:15 PM","07EC4F2EE9EE4AF33C554277A5D99615"
"C:\downloads\PAL_Setup_v2.4_x64.zip","1136.16","10/28/2013 11:08:41 AM","07EC4F2EE9EE4AF33C554277A5D99615"
"C:\downloads\PC42.pptx","1298.03","11/20/2013 5:06:00 PM","FC514FE9531D7B8295FA5AB5D2848F36"
"C:\downloads\performance-based-load-balancing-scenario.pptx","336.69","1/28/2014 4:06:49 PM","B59FB06BE74885354373668D62C33A56"
"C:\downloads\pfmap-169-win.exe","2439.84","11/22/2013 3:34:39 PM","E84F2D0776D1DC2EA499EF70528E763C"
"C:\downloads\PhillyPosh_10_03_2013 (1).zip","2409.79","11/15/2013 1:40:17 PM","BB30D1B88F94DFE72844C29A48AC3F75"
"C:\downloads\PhillyPosh_10_03_2013.zip","2409.79","11/12/2013 12:13:28 PM","BB30D1B88F94DFE72844C29A48AC3F75"
"C:\downloads\Ping.txt","12.21","11/21/2013 8:50:45 AM","A7D2DEA290C4B78F701F210C91A51C98"
"C:\downloads\PortQryUI.exe","209.7","12/13/2013 6:26:48 PM","CF2A509E15AF4ADA737236D6AE0CB692"
"C:\downloads\PortQryV2.exe","145.21","12/13/2013 6:26:39 PM","700209FE169CE4C9425536DEC7D79193"
"C:\downloads\portscanner.zip","795.06","1/28/2014 4:18:27 PM","300045C9FC9DC5E7E28F7F1C90C367EC"
"C:\downloads\PoshMon.zip","15.87","12/9/2013 4:49:34 PM","3593BCDF726AA23B479458BB9183C4CE"
"C:\downloads\PowerShell-and-WMI-PowerShell-Saturday.pptx","177.18","11/4/2013 10:56:21 AM","51515030193C9A8BF84FCBD2DDBC211C"
"C:\downloads\privilegedUsersV2 (1).ps1","8.57","12/10/2013 2:28:04 PM","AD825DB0EE6896CC86C78CC5FB16726E"
"C:\downloads\privilegedUsersV2.ps1","8.57","12/10/2013 2:19:42 PM","DF009B3C38E1BEF7521F335F75B0F329"
"C:\downloads\projects.xls","3.75","11/12/2013 12:08:53 PM","5C42A1B78D96FE77E719DEB3A16D3B9E"
"C:\downloads\Projects.xlsx","9.19","11/12/2013 12:09:22 PM","E4769B6FC5BE1D2EDBC325AA8FDC5ACA"
"C:\downloads\Projects_2013-11-15.html","18.6","11/15/2013 3:04:45 PM","39AB12CD33618613713EE780F95DC673"
"C:\downloads\PSAppDeployToolkit_v3.0.6.zip","1520.08","10/22/2013 7:29:13 AM","81559B0EAE507DE8A1ACCAD34DDF67F5"
"C:\downloads\PSAppDeployToolkit_v3.0.7.zip","1520.73","11/20/2013 10:01:37 AM","A8F953BF69C0DD0400CF51D5C5F76824"
"C:\downloads\Pscx-2.1.1.zip","2118.22","1/27/2014 3:38:31 PM","1EB99151139E30952C0E0CFB6D37BDAC"
"C:\downloads\Pscx-3.1.0.msi","2340","1/22/2014 4:13:58 PM","97AEB1374C45015EADBD27D5C8A9CBA3"
"C:\downloads\pscx-log.txt","258.08","1/22/2014 4:16:32 PM","69764E1AD0E71ADFA6DA2007C05B94E6"
"C:\downloads\PSDK-amd64.exe","1318.22","11/19/2013 3:02:22 PM","FA6EA7D70113FF4F66364998733631B8"
"C:\downloads\psexec.exe","378.69","1/7/2014 8:19:59 AM","D0DF366711C8B296680002840336B6FD"
"C:\downloads\PSIS-master.zip","6.52","1/28/2014 3:38:06 PM","1E4AA526FCD689D81B0B47BBEDBA76E6"
"C:\downloads\PSSAT005.zip","604.99","10/30/2013 8:22:48 AM","31B5B0B6E94A83923D3440883956F11D"
"C:\downloads\PSTools.zip","1619.33","8/16/2013 2:47:11 PM","5BAA5E93B7F6D23B4E29695B1868BEDD"
"C:\downloads\Quest_ActiveRolesManagementShellforActiveDirectoryx64_151.msi","33520","8/16/2013 2:51:25 PM","9E90C4FFC43678F3FB0D271C42A58068"
"C:\downloads\Quick Start Guides.zip","3343.15","1/24/2014 4:24:56 PM","667363DF4E63916E4FA36660D061D4CA"
"C:\downloads\Ramakrishna+Mission+Vidyapith.pdf","27.28","12/26/2013 10:45:42 AM","FB05AD45DB9BB501F95663CE41C9C2B7"
"C:\downloads\re2014winterscriptinggamesevent1.zip","4.34","1/23/2014 5:29:17 PM","3CFEE8DC5114A7CBE07F14DBA86616FC"
"C:\downloads\reflexil.1.7.AIO.bin.zip","1571.03","1/24/2014 12:54:26 PM","AD5B6EC414FC57B319A89D636C2D523B"
"C:\downloads\ReleaseNotes_Win7_1RTMSDK.Htm","160.08","10/30/2013 8:37:41 AM","A3E6E48153D734B0BA68327E0AF55286"
"C:\downloads\Remote-Netstat.ps1","1.01","12/2/2013 11:00:02 AM","DFB74A47B57CAC116D0319AD227B03F1"
"C:\downloads\ReplaceDNSRecords.ps1","0.98","11/25/2013 3:07:10 PM","1AE04AE64D512281A666358A0D8E081E"
"C:\downloads\Report-DistributionGroupMember.zip","3.93","12/10/2013 2:21:05 PM","D73E18BB931D4879EAAEFDB35C515FE4"
"C:\downloads\ReportViewer.exe","4639.34","6/21/2013 9:30:38 AM","98C89B18D0BBD4D7D3981445BB139237"
"C:\downloads\revosetup.exe","2562.16","12/20/2013 3:48:37 PM","4F99CAE27FFD46712E65C21444AACDFC"
"C:\downloads\Riaa-Seth-ICRIEST-2013.doc","133.5","12/30/2013 9:27:55 AM","B122EB787F7A2E669ABB11F4BFFDEBBA"
"C:\downloads\rktools.exe","12048.59","1/21/2014 4:20:45 PM","A623A99D60F8D34D9FBE089BB64368F2"
"C:\downloads\RPCPingGUI.zip","33.64","12/18/2013 11:22:51 AM","B692F0EC9631B7FCB19F6010625DD8E6"
"C:\downloads\RunAsDesktopUser.zip","72.24","1/28/2014 1:17:47 PM","2C26ABB1F901F56C5E712243B9BD24E4"
"C:\downloads\runspaces.zip","3561.1","11/20/2013 9:27:08 AM","1BD0825B1A56EFA0310252088050DB48"
"C:\downloads\SAMOptimizationKit.exe","14288","1/24/2014 4:30:39 PM","5E2E38FB7307F6E38D4300964582FF07"
"C:\downloads\SC2012R2_AppController_Cmdlets.doc","626","12/6/2013 2:41:11 PM","3D853502BCCFCE65BA48016447A39EE5"
"C:\downloads\SC2012R2_AppController_Cmdlets.pdf","900.82","12/6/2013 2:41:15 PM","A58F488F0256E400C2972ACE7489AC41"
"C:\downloads\SC2012R2_ConfigMgr_Cmdlets.doc","25501.5","12/6/2013 2:41:45 PM","81E38DAC4A696A56E4E5882C1EF50EBE"
"C:\downloads\SC2012R2_ConfigMgr_Cmdlets.pdf","23761.91","12/6/2013 2:41:45 PM","355972DA7C2A00ACE30AFB6A13926921"
"C:\downloads\SC2012R2_DPM_Cmdlets.doc","3861.5","12/6/2013 2:41:20 PM","142B904793D676279615880B0A9C057D"
"C:\downloads\SC2012R2_DPM_Cmdlets.pdf","3985.26","12/6/2013 2:41:20 PM","B2F2EC9143D36950066B817FED109A74"
"C:\downloads\SC2012R2_MMA_Cmdlets.doc","176.5","12/6/2013 2:41:20 PM","5407633455883A15F6DA7192BE3CED15"
"C:\downloads\SC2012R2_MMA_Cmdlets.pdf","365.83","12/6/2013 2:41:24 PM","02786BB560539DAA3C6EDEB5838B1DA4"
"C:\downloads\SC2012R2_OpsMgr_Cmdlets.doc","5307","12/6/2013 2:41:26 PM","95EFF402A69714C14DA6BD6340F8AD0E"
"C:\downloads\SC2012R2_OpsMgr_Cmdlets.pdf","5353.89","12/6/2013 2:41:26 PM","97FE3FF2379B88949A74E1B9EA7B30E1"
"C:\downloads\SC2012R2_OpsMgr_XPlat_Cmdlets.doc","369","12/6/2013 2:41:26 PM","E516090FCA5F66363A2E24A7C27EE30E"
"C:\downloads\SC2012R2_OpsMgr_XPlat_Cmdlets.pdf","616.73","12/6/2013 2:41:51 PM","7B06C4C2A9B916DCA67D71D3CA9B2C12"
"C:\downloads\SC2012R2_ServiceMgr_Cmdlets_DW.doc","849","12/6/2013 2:41:28 PM","F489B62DA31278E66575D8B4B95B6AAD"
"C:\downloads\SC2012R2_ServiceMgr_Cmdlets_DW.pdf","1161.99","12/6/2013 2:41:53 PM","93917775BDE6AA32F28F1A4B9976CCB0"
"C:\downloads\SC2012R2_ServiceMgr_Cmdlets_Group1.doc","1087","12/6/2013 2:41:30 PM","94A99D34160966C251C6F1D974840582"
"C:\downloads\SC2012R2_ServiceMgr_Cmdlets_Group1.pdf","1410.84","12/6/2013 2:41:37 PM","838717C5A619091D548DFFAB708C9D19"
"C:\downloads\SC2012R2_ServiceMgr_Cmdlets_Group2.doc","2524","12/6/2013 2:41:34 PM","0BA939F64153688E55C75602DB1323C4"
"C:\downloads\SC2012R2_ServiceMgr_Cmdlets_Group2.pdf","2660.8","12/6/2013 2:41:35 PM","BB22C717BD76E6B000EF9D7131520F0F"
"C:\downloads\SC2012R2_SMA_Cmdlets.doc","1585.5","12/6/2013 2:41:36 PM","1E3F41D7697E452D70F1A26E3BA6DB70"
"C:\downloads\SC2012R2_SPF_Cmdlets.doc","916.5","12/6/2013 2:41:36 PM","20689C50B01B9D2D8F47D5AEA2D60175"
"C:\downloads\SC2012R2_VMM_Cmdlets.doc","29684","12/6/2013 2:42:07 PM","A41762780224658637206B5A7B002958"
"C:\downloads\SC2012R2_VMM_Cmdlets.pdf","27518.91","12/6/2013 2:42:08 PM","65717278203F3A0C1AFE5112665CE6A0"
"C:\downloads\SC2012SP1_AppController_Cmdlets.doc","582.5","12/6/2013 2:41:37 PM","FED21E2F807B2F42E9B80508F7520033"
"C:\downloads\SC2012SP1_AppController_Cmdlets.pdf","823.21","12/6/2013 2:41:58 PM","6FCA85E5E3B68F8BBF9C64E43B73ADEB"
"C:\downloads\SC2012SP1_SPF_Cmdlets.doc","746","12/6/2013 2:41:38 PM","369528D1A6E2DD8DBF5FA8A917C97713"
"C:\downloads\SC2012SP1_SPF_Cmdlets.pdf","982.01","12/6/2013 2:42:01 PM","6E8CBEBBEDCD1FFBE1C3FEB558D879B8"
"C:\downloads\SC2012SP1_VMM_Cmdlets.doc","25417","12/6/2013 2:42:06 PM","C9852203450003BDD6D946824704F7B2"
"C:\downloads\SC2012SP1_VMM_Cmdlets.pdf","23804.59","12/6/2013 2:42:04 PM","313EBAB112372EFD9F5D8BA6007BA0A8"
"C:\downloads\SC2012_AppController_Cmdlets.doc","506","12/6/2013 2:41:10 PM","AADC67FB87E5726405E7F0B6117C1AC2"
"C:\downloads\SC2012_AppController_Cmdlets.pdf","795.48","12/6/2013 2:41:48 PM","7A30CB60A6A3FCCD0456A323F4E0B437"
"C:\downloads\SC2012_OpsMgr_Cmdlets (1).pdf","5121.86","12/6/2013 2:41:46 PM","76730F190B8B4698B06AAEF7178A183B"
"C:\downloads\SC2012_OpsMgr_Cmdlets.doc","5127.5","12/6/2013 2:41:16 PM","A525CBAD688B92A098F424986EEFEB5B"
"C:\downloads\SC2012_OpsMgr_Cmdlets.pdf","5121.86","10/24/2013 10:10:44 AM","76730F190B8B4698B06AAEF7178A183B"
"C:\downloads\SC2012_OpsMgr_CompleteDocumentation.pdf","18569.14","10/24/2013 10:11:01 AM","5631FF7D5A9DB0E117B5B2E02A48FC06"
"C:\downloads\SC2012_Solution_Examples.ois_export","1889.8","11/19/2013 7:49:21 AM","0E031F36AFE5804AA1867C17D1619E46"
"C:\downloads\SC2012_VMM_Cmdlets.doc","18379","12/6/2013 2:41:34 PM","E316059C7CED4A1BA8A640201B6F0049"
"C:\downloads\SC2012_VMM_Cmdlets.pdf","17516.32","12/6/2013 2:41:44 PM","190154D2E996A228250BDEA9D96B1C60"
"C:\downloads\schat.csv.zip","42672.68","1/3/2014 12:26:40 PM","A9E98E92F413C95D7B07D00EDD3612F4"
"C:\downloads\SCOM mgmt Console install v1 1.docx","4378.19","10/21/2013 2:22:33 PM","0DE6CEAD46BA3F6E06DD697CE318DEE0"
"C:\downloads\sdksetup.exe","971.39","10/24/2013 3:45:42 PM","408E18CC79322E56376B9CF63CDA9D99"
"C:\downloads\Security_Compliance_Manager_Setup.exe","134771.61","11/5/2013 10:42:20 AM","E6ECC66A12AF3CDCEE8CDF9414BD166A"
"C:\downloads\Send-HTMLEmail.ps1","5.4","1/25/2014 10:52:03 AM","03DFF269E2CF01A5CB6628DF5D7B5D65"
"C:\downloads\Series_AA_Board_Consent.docx","27.77","11/13/2013 2:46:19 PM","1BF800A93A0123D5CE7DF76D500DF508"
"C:\downloads\Set-RemoteRegistry (1).ps1","5.79","11/25/2013 3:33:25 PM","AB566D07A0CA57ACBAD9A9D63735C455"
"C:\downloads\Set-RemoteRegistry.ps1","5.83","11/26/2013 8:52:59 AM","2CE3914A7C0729674B320B60D44F93D9"
"C:\downloads\setup.exe","1021.05","11/15/2013 8:52:55 AM","F3E84C0CE4BC83479A11CA7BD049F8DE"
"C:\downloads\SetupAnyDVD7370.exe","10180.23","11/22/2013 3:28:42 PM","B007B9E665229DFF11C5B976AAC28E33"
"C:\downloads\SetupGetSDMGPHealth1.2.zip","246.52","12/13/2013 7:33:42 PM","31C709BE979068B71E205CCF5939A486"
"C:\downloads\setupgpefreshcmdlet.zip","900.8","12/13/2013 7:33:41 PM","5B05B49829EE76554B19D25F1721C706"
"C:\downloads\SetupGPMCCmdlet1.4-Win72008R2.zip","1377.03","12/13/2013 7:33:38 PM","2C794D93CD9BA439616CB0E8FD5EA955"
"C:\downloads\SetupGPMCCmdlet1.4-x86.zip","1299.59","12/13/2013 7:33:39 PM","04239EB06F949BE4F23D08DA04125035"
"C:\downloads\SetupGPMCCmdlets1.3-Vista2008.zip","736.04","12/13/2013 7:33:36 PM","5900428BCAC82205ACE1A4350CB7226B"
"C:\downloads\SetupGPMCCmdlets1.3-XP2003.zip","220.3","12/13/2013 7:33:37 PM","C688979C752F35DBD0F887171C290750"
"C:\downloads\sf.tar.gz","1049.19","1/10/2014 10:03:13 AM","BD9083277AD9B95A8D8E476651A6CF63"
"C:\downloads\SFInstaller_SFFZ_filezilla_8992693_.exe","1052.39","1/2/2014 10:50:29 AM","7B6644AAA8FD80E78762E3519A46DFBF"
"C:\downloads\show-ServiceDependencies.ps1","3.84","12/18/2013 10:33:26 AM","ED1DADF0F719770886327CBDD291770A"
"C:\downloads\SilverlightClientConfiguration.exe","3492.11","10/17/2013 8:02:59 AM","DA730223056DE8EBA9C8BD07EC21B550"
"C:\downloads\skydrive-2013-12-13 (1).zip","1329.85","12/13/2013 12:28:49 PM","466710F5676ADE1551A178B0C97A90ED"
"C:\downloads\skydrive-2013-12-13.zip","1321.87","12/13/2013 12:28:41 PM","5518F22A01F3340D51A79B082A2A3EC5"
"C:\downloads\skydrive-2014-01-16.zip","595.84","1/16/2014 4:29:28 PM","CB7FD55D8DD320816A41806F081044C2"
"C:\downloads\Snare Server v6 Agent Management Console User Guide.pdf","615.6","11/19/2013 3:07:33 PM","82CA9284C61888BBD275B7A82945FADC"
"C:\downloads\SnareCore-4.0.2.0.zip","240.79","10/21/2013 2:48:00 PM","CF026A406FBED6FCFB954DD242A79027"
"C:\downloads\SnareForWindows-4.1.3.exe","2370.95","11/5/2013 4:32:32 PM","B4EC1E3CBEC9C1A3AE02113538D4E92F"
"C:\downloads\SnareInstaller_auto_hostlist_threaded.htm","19.55","10/21/2013 9:21:04 AM","929ADCC216B38539112DDEA2FC2F52F5"
"C:\downloads\SnareServer-v6.2.0-x64.iso","575292","11/19/2013 2:29:43 PM","3E8330C22C660A80BBDCF2FA5952B24F"
"C:\downloads\SnareServerLicense-20131220.zl","0.23","11/19/2013 3:07:33 PM","8096AD00D24D56A76595A9C45C4A8152"
"C:\downloads\SnareUpdate-v6.2.0-x64.tar.gz.gpg","143976.69","11/19/2013 1:59:26 PM","AE02B6E60C615EA2F5E2644E5A10766E"
"C:\downloads\SOAPe 0.72.zip","51.4","10/25/2013 10:50:51 AM","DBF5C3672512169A200C663A3E6EEC00"
"C:\downloads\spec.ps.Z","113.63","12/13/2013 1:05:24 PM","56EC5C5449EDE52BC0519BB7398BC2F4"
"C:\downloads\SQL Power Doc v1.0.2.1.zip","284.18","1/22/2014 9:54:26 AM","3072F305C91284EBDCE02AE3EF1EB167"
"C:\downloads\SQL Server 2012 Feature Pack Instructions.txt","0.41","1/13/2014 5:04:41 PM","12F18884E2CD94FB0A20999C73496561"
"C:\downloads\SQL Server Inventory - 2013-10-22-17-53.zip","3176.04","1/22/2014 10:05:54 AM","75EFBC757C3FE18C3EA9349C9D95A8CC"
"C:\downloads\SQLDocUI.zip","870.26","1/23/2014 9:10:55 AM","47FDDE157049B53F1617346284717CA4"
"C:\downloads\SQLEXPR_x64_ENU.exe","115317.84","1/14/2014 10:49:14 AM","6343925EC8F6DCB5B3BABA0AAF319BBD"
"C:\downloads\SQLManagementStudio_x64_ENU.exe","180711.84","1/14/2014 10:49:12 AM","7E0C2B98D71A6BD3F5AAD1443C3000E6"
"C:\downloads\SQLServer2008_LicensingGuide (1).pdf","3865.11","1/23/2014 9:12:05 AM","504EE13F9432BDFC4BD76C73F634483E"
"C:\downloads\SQLServer2008_LicensingGuide.pdf","3865.11","1/23/2014 9:08:58 AM","504EE13F9432BDFC4BD76C73F634483E"
"C:\downloads\Step-By-Step Guide.zip","787.6","1/24/2014 4:24:55 PM","2C0BA5EBD1F5EFCD62EC6E6D8C150D9C"
"C:\downloads\sunnychakraborty-v2013-v3.2.doc","57","1/31/2014 3:09:29 PM","FBF6ED7B21BE6D87B621271F6A3D080B"
"C:\downloads\Supportworks Install 7.5.0.docx","434.69","9/7/2012 9:29:00 AM","4B3609E96D30543DE63825089C40393B"
"C:\downloads\Supportworks-Password-SelfService.pdf","705.25","1/24/2014 9:55:48 AM","F0E45C5B799533892759EF91FDE70A5F"
"C:\downloads\supportworks.reg","0.8","6/16/2011 6:57:47 AM","732ED384D1390E543603847848235A73"
"C:\downloads\SVR387_Pearce.pptx","1158.87","11/4/2013 10:56:19 AM","6E20D84BC80E9907C88DB713A952DF2A"
"C:\downloads\swcli7.msi","14738","10/24/2012 3:27:50 AM","989E9B66C8A9522FF4A6F0ABF6F7AE11"
"C:\downloads\SysinternalsSuite.zip","12864.66","10/8/2013 10:59:40 AM","FAF6CF9F384101DA2934B5EEF9FE1BEA"
"C:\downloads\Tatec_Xperf.pptx","1878.66","12/20/2013 2:33:28 PM","795521CDEF739DAEEFF09DCB6DA8DB85"
"C:\downloads\TCPIP_Fund.pdf","5405.05","11/21/2013 2:02:55 PM","24B8D63E9C7789150F3AA9E495C2CE5A"
"C:\downloads\tcpTrace081.zip","111.12","1/24/2014 1:37:37 PM","FD89FC98E669F52A1B6137D8F65023A4"
"C:\downloads\team geek sampler.pdf","7789.53","1/7/2014 2:28:25 PM","9FDD94041A4344CFDD2A68EEA4C43860"
"C:\downloads\Techedge2010_debug_XA_XD_powerpoint.ppt","5661","12/11/2013 4:38:05 PM","5792DE77C94C7FE09FB06CF803D2C32E"
"C:\downloads\TechNet_SC_Teil1_Block3.pptx","1116.58","11/19/2013 9:31:09 AM","A0FAFD38F11AB22A54326109862EA478"
"C:\downloads\TelerikJustDecompileSetup_2013.3.1029.1.exe","5112.7","1/24/2014 12:54:46 PM","53596B3AAC384FD0D975E27F9FDE18DB"
"C:\downloads\Test.html","0","11/15/2013 2:05:36 PM","F3B25701FE362EC84616A93A45CE9998"
"C:\downloads\test.txt","0.1","10/21/2013 2:24:06 PM","4D89AD9E9EAA88DED0F33C07CD3B5C6E"
"C:\downloads\The Clean Coder_ A Code of Con - Robert C. Martin_959.pdf","7449.82","1/7/2014 11:44:19 AM","ECD3040A77FF72416B71EBF579509F4E"
"C:\downloads\Tibco UC-User's Guide (1).pdf","1450.72","10/29/2013 2:35:41 PM","7667C2E170B9761BE1CA4D9446B965AA"
"C:\downloads\tibco-loglogic-universal-collector-uc-2-3-0_documentation.zip","1549.02","10/24/2013 8:35:49 AM","0EA9726492000B816B5D6C10928C8EB4"
"C:\downloads\TIB_loguc_2.3.0_setup_windows.exe","44617.48","11/8/2013 4:06:23 PM","FA1131027A290B40D7256E3F996D3173"
"C:\downloads\TR1093_SelfEncryptingDrives.pdf","720.94","1/14/2014 2:39:36 PM","C5B9A2B308A10D313E9496281D075936"
"C:\downloads\TransportAgentsSDK.msi","9407","12/2/2013 7:43:34 AM","8E145B5CAF327A5C0101B69F5CA14C9E"
"C:\downloads\trello-development.xls","282.34","11/15/2013 3:13:42 PM","D8A5FC8E5DE5B1574DB5FCC81167FC56"
"C:\downloads\TrelloExcel_0.4.0.zip","633.86","11/8/2013 7:40:25 AM","18E5E5BAC5EA6E367B1F96B14EFB38A0"
"C:\downloads\Understanding WMI Scripting(2003)(580).pdf","1264.74","12/6/2013 9:40:52 AM","17ECDC09688221CB132D5A8407C1858C"
"C:\downloads\Universals_44.pdf","621.3","10/24/2013 8:37:06 AM","0F82D3DA5B825CA57F15D30C366995D1"
"C:\downloads\Update-sysinternals.ps1","2.39","1/28/2014 3:09:10 PM","D132B5F532465313F17FB5D567787FAA"
"C:\downloads\User's Guide.pdf","1450.72","10/29/2013 2:34:39 PM","7667C2E170B9761BE1CA4D9446B965AA"
"C:\downloads\UserExperienceManifest.xml","16.87","10/24/2013 3:51:13 PM","90C844692D480CFE1FD7C310E553F47E"
"C:\downloads\UserGuide.docx","96.43","11/8/2013 11:30:11 AM","71FAFE3916AD77E7C0989C9CBCD485CF"
"C:\downloads\ustravel.txt","11.58","10/16/2013 2:34:10 PM","D4C328E7D7E1FA55DA4FC13372D9AE3C"
"C:\downloads\Utilities.pdf","2218.55","12/31/2013 2:00:10 PM","16C1BE6614DDEBC7EC78C665691A3B6D"
"C:\downloads\vCheck-Exchange-master.zip","108.84","12/18/2013 2:13:29 PM","2EAB060C293560EB55C39A4AB55A728A"
"C:\downloads\vCheck-vSphere-master.zip","327.17","12/18/2013 2:11:53 PM","5A8BC3E2C57B9103619EAA61242E854C"
"C:\downloads\vCheck.zip","338.94","12/18/2013 4:49:07 PM","C73B0753EBACDDE1A666F7E738650947"
"C:\downloads\VMware-PowerCLI-5.0.0-435426.exe","92688.05","8/16/2013 10:22:33 AM","91E1F0B89CDDBDE334B78031DAE0B4F0"
"C:\downloads\VMW_PPT_LIBRARY_Icons-Diagrams_2Q12_1_of_3.pptx","17853.61","11/18/2013 9:44:42 AM","78FFDA460D1E1536BF13BDF76DBA3B61"
"C:\downloads\VS2013_RTM_DskExp_ENU.iso","808644","10/22/2013 12:00:48 PM","477B48853B712D7965A39481F8E376F3"
"C:\downloads\wdksetup.exe","966.29","10/24/2013 3:43:35 PM","E7DF63AEDC86500F548B51581C02C62C"
